et,expiry,spot,net_gex,net_vol_gex,call_gamma,put_gamma
2026-07-29 00:00:59.924,2026-07-29,7404.44,-7.2479816e+07,-1.4411357e+08,0.005143983,0.005143983
2026-07-29 00:05:00.05,2026-07-29,7405.94,-7.248583e+07,-1.30023216e+08,0.005142326,0.005142326
2026-07-29 00:10:00.181,2026-07-29,7408.44,-7.221837e+07,-1.30105464e+08,0.0051198946,0.0051198946
2026-07-29 00:14:00.282,2026-07-29,7405.44,-7.245769e+07,-1.3025468e+08,0.005141024,0.005141024
2026-07-29 00:15:00.311,2026-07-29,7405.44,-7.2631216e+07,-1.29718784e+08,0.005153336,0.005153336
2026-07-29 00:16:00.338,2026-07-29,7404.19,-7.222096e+07,-1.29548104e+08,0.0051259575,0.0051259575
2026-07-29 00:17:00.363,2026-07-29,7403.94,-7.2020864e+07,-1.28908936e+08,0.005112101,0.005112101
2026-07-29 00:18:00.386,2026-07-29,7403.69,-7.2055e+07,-1.2897004e+08,0.0051148697,0.0051148697
2026-07-29 00:19:00.413,2026-07-29,7403.69,-7.1886424e+07,-1.28948024e+08,0.005102903,0.005102903
2026-07-29 00:20:00.438,2026-07-29,7406.19,-7.1914624e+07,-1.2899861e+08,0.0051014586,0.0051014586
2026-07-29 00:21:00.465,2026-07-29,7403.94,-7.1924856e+07,-1.28737096e+08,0.0051052864,0.0051052864
2026-07-29 00:22:00.492,2026-07-29,7404.19,-7.214283e+07,-1.2912725e+08,0.0051204124,0.0051204124
2026-07-29 00:23:00.52,2026-07-29,7406.44,-7.203111e+07,-1.2808645e+08,0.005109377,0.005109377
2026-07-29 00:24:00.545,2026-07-29,7405.94,-7.2452504e+07,-1.2883577e+08,0.005139962,0.005139962
2026-07-29 00:25:00.572,2026-07-29,7407.19,-7.269812e+07,-1.28989664e+08,0.005155646,0.005155646
2026-07-29 00:26:00.602,2026-07-29,7406.69,-7.278329e+07,-1.2772475e+08,0.0051623825,0.0051623825
2026-07-29 00:27:00.63,2026-07-29,7406.94,-7.2727984e+07,-1.2791069e+08,0.005158112,0.005158112
2026-07-29 00:28:00.661,2026-07-29,7407.19,-7.281629e+07,-1.2778267e+08,0.0051640267,0.0051640267
2026-07-29 00:29:00.689,2026-07-29,7405.19,-7.285291e+07,-1.27846936e+08,0.005169415,0.005169415
2026-07-29 00:30:00.716,2026-07-29,7405.19,-7.2898976e+07,-1.2792777e+08,0.005172683,0.005172683
2026-07-29 00:31:00.742,2026-07-29,7406.19,-7.2556056e+07,-1.27326e+08,0.0051469607,0.0051469607
2026-07-29 00:32:00.768,2026-07-29,7404.94,-7.2428056e+07,-1.2710137e+08,0.005139615,0.005139615
2026-07-29 00:33:00.796,2026-07-29,7404.94,-7.2703416e+07,-1.2786749e+08,0.0051591555,0.0051591555
2026-07-29 00:34:00.825,2026-07-29,7403.69,-7.254513e+07,-1.2758909e+08,0.005149661,0.005149661
2026-07-29 00:35:00.849,2026-07-29,7403.69,-7.2442824e+07,-1.27691056e+08,0.0051423996,0.0051423996
2026-07-29 00:36:00.876,2026-07-29,7404.94,-7.2158496e+07,-1.26909096e+08,0.0051204865,0.0051204865
2026-07-29 00:37:00.903,2026-07-29,7406.69,-7.217461e+07,-1.2637577e+08,0.00511921,0.00511921
2026-07-29 00:38:00.932,2026-07-29,7407.19,-7.241995e+07,-1.2680536e+08,0.0051359185,0.0051359185
2026-07-29 00:39:00.959,2026-07-29,7406.44,-7.256751e+07,-1.27063744e+08,0.005147426,0.005147426
2026-07-29 00:40:00.984,2026-07-29,7405.19,-7.258613e+07,-1.27378776e+08,0.005150485,0.005150485
2026-07-29 00:41:01.013,2026-07-29,7404.44,-7.2385e+07,-1.2730747e+08,0.0051372536,0.0051372536
2026-07-29 00:42:01.039,2026-07-29,7403.19,-7.22666e+07,-1.26536856e+08,0.005130583,0.005130583
2026-07-29 00:43:01.066,2026-07-29,7401.19,-7.224999e+07,-1.2510213e+08,0.0051321764,0.0051321764
2026-07-29 00:44:01.094,2026-07-29,7402.19,-7.201016e+07,-1.24126464e+08,0.005113758,0.005113758
2026-07-29 00:45:01.122,2026-07-29,7400.94,-7.163069e+07,-1.2291492e+08,0.0050885286,0.0050885286
2026-07-29 00:46:01.148,2026-07-29,7401.94,-7.164309e+07,-1.2154237e+08,0.005088035,0.005088035
2026-07-29 00:47:01.174,2026-07-29,7402.94,-7.137041e+07,-1.2580075e+08,0.0050672996,0.0050672996
2026-07-29 00:48:01.205,2026-07-29,7402.19,-7.1682304e+07,-1.2579268e+08,0.005090476,0.005090476
2026-07-29 00:49:01.236,2026-07-29,7402.19,-7.166571e+07,-1.2576356e+08,0.0050892974,0.0050892974
2026-07-29 00:50:01.265,2026-07-29,7402.19,-7.172269e+07,-1.2586355e+08,0.0050933436,0.0050933436
2026-07-29 00:51:01.292,2026-07-29,7404.94,-7.168117e+07,-1.2383829e+08,0.005086615,0.005086615
2026-07-29 00:52:01.317,2026-07-29,7407.94,-7.2301384e+07,-1.2265916e+08,0.005126472,0.005126472
2026-07-29 00:53:01.342,2026-07-29,7407.69,-7.257349e+07,-1.23120784e+08,0.0051461128,0.0051461128
2026-07-29 00:54:01.37,2026-07-29,7407.44,-7.3721856e+07,-1.23634704e+08,0.005227895,0.005227895
2026-07-29 00:55:01.4,2026-07-29,7408.19,-7.378249e+07,-1.237364e+08,0.0052311355,0.0052311355
2026-07-29 00:56:01.427,2026-07-29,7410.19,-7.379433e+07,-1.2375624e+08,0.0052291504,0.0052291504
2026-07-29 00:57:01.453,2026-07-29,7409.69,-7.398976e+07,-1.23220304e+08,0.005243707,0.005243707
2026-07-29 00:58:01.478,2026-07-29,7409.69,-7.459541e+07,-1.2422892e+08,0.0052866293,0.0052866293
2026-07-29 00:59:01.505,2026-07-29,7409.94,-7.453191e+07,-1.2325317e+08,0.0052817734,0.0052817734
2026-07-29 01:00:01.53,2026-07-29,7412.19,-7.470601e+07,-1.23250384e+08,0.0052908976,0.0052908976
2026-07-29 01:01:01.558,2026-07-29,7409.19,-7.469308e+07,-1.23229056e+08,0.0052942666,0.0052942666
2026-07-29 01:02:01.583,2026-07-29,7412.19,-7.494073e+07,-1.23637624e+08,0.0053075207,0.0053075207
2026-07-29 01:03:01.608,2026-07-29,7412.94,-7.471665e+07,-1.23558656e+08,0.00529058,0.00529058
2026-07-29 01:04:01.641,2026-07-29,7413.44,-7.500699e+07,-1.22287664e+08,0.0053104223,0.0053104223
2026-07-29 01:05:01.667,2026-07-29,7413.19,-7.545481e+07,-1.2331136e+08,0.0053424877,0.0053424877
2026-07-29 01:06:01.694,2026-07-29,7412.19,-7.5420024e+07,-1.2442836e+08,0.0053414656,0.0053414656
2026-07-29 01:07:01.721,2026-07-29,7413.94,-7.526988e+07,-1.23009144e+08,0.005328316,0.005328316
2026-07-29 01:08:01.748,2026-07-29,7416.44,-7.54216e+07,-1.2355055e+08,0.005335457,0.005335457
2026-07-29 01:09:01.772,2026-07-29,7418.19,-7.5393264e+07,-9.416824e+07,0.0053309365,0.0053309365
2026-07-29 01:10:01.799,2026-07-29,7417.69,-7.580927e+07,-9.4097896e+07,0.0053610746,0.0053610746
2026-07-29 01:11:01.826,2026-07-29,7417.69,-7.668927e+07,-8.2358904e+07,0.005423306,0.005423306
2026-07-29 01:12:01.851,2026-07-29,7419.69,-7.6900056e+07,-8.1388384e+07,0.005435281,0.005435281
2026-07-29 01:13:01.881,2026-07-29,7418.44,-7.672672e+07,-8.120493e+07,0.0054248576,0.0054248576
2026-07-29 01:14:01.906,2026-07-29,7420.69,-7.6965304e+07,-8.235587e+07,0.005438427,0.005438427
2026-07-29 01:15:01.929,2026-07-29,7421.19,-7.698977e+07,-8.328076e+07,0.005439422,0.005439422
2026-07-29 01:16:01.958,2026-07-29,7418.44,-7.6529176e+07,-8.3378096e+07,0.0054108906,0.0054108906
2026-07-29 01:17:01.984,2026-07-29,7418.69,-7.663088e+07,-8.408525e+07,0.005417716,0.005417716
2026-07-29 01:18:02.007,2026-07-29,7417.19,-7.639304e+07,-8.560776e+07,0.0054030856,0.0054030856
2026-07-29 01:19:02.032,2026-07-29,7416.19,-7.6312336e+07,-8.551733e+07,0.0053988337,0.0053988337
2026-07-29 01:20:02.062,2026-07-29,7416.94,-7.6200704e+07,-8.6874736e+07,0.0053898455,0.0053898455
2026-07-29 01:21:02.088,2026-07-29,7418.69,-7.616953e+07,-8.743195e+07,0.005385099,0.005385099
2026-07-29 01:22:02.118,2026-07-29,7416.69,-7.610101e+07,-8.824163e+07,0.0053831567,0.0053831567
2026-07-29 01:23:02.144,2026-07-29,7419.19,-7.631416e+07,-8.908267e+07,0.005394597,0.005394597
2026-07-29 01:24:02.17,2026-07-29,7419.19,-7.5951504e+07,-8.8659344e+07,0.0053689615,0.0053689615
2026-07-29 01:25:02.205,2026-07-29,7419.94,-7.6138584e+07,-9.006276e+07,0.005381098,0.005381098
2026-07-29 01:26:02.231,2026-07-29,7419.19,-7.612955e+07,-9.064453e+07,0.0053815474,0.0053815474
2026-07-29 01:27:02.257,2026-07-29,7420.19,-7.603915e+07,-9.1424504e+07,0.005373708,0.005373708
2026-07-29 01:28:02.282,2026-07-29,7420.69,-7.6121104e+07,-9.2115424e+07,0.0053787753,0.0053787753
2026-07-29 01:29:02.306,2026-07-29,7420.44,-7.639272e+07,-9.274135e+07,0.005398331,0.005398331
2026-07-29 01:30:02.332,2026-07-29,7420.44,-7.6298416e+07,-9.262687e+07,0.005391667,0.005391667
2026-07-29 01:31:02.353,2026-07-29,7420.44,-7.6176096e+07,-9.3071176e+07,0.005383023,0.005383023
2026-07-29 01:32:02.377,2026-07-29,7419.44,-7.6252776e+07,-9.316487e+07,0.005389895,0.005389895
2026-07-29 01:33:02.402,2026-07-29,7418.44,-7.618787e+07,-9.308557e+07,0.005386759,0.005386759
2026-07-29 01:34:02.423,2026-07-29,7419.44,-7.607453e+07,-9.294709e+07,0.005377295,0.005377295
2026-07-29 01:35:02.446,2026-07-29,7420.69,-7.6104744e+07,-9.2984e+07,0.0053776186,0.0053776186
2026-07-29 01:36:02.472,2026-07-29,7421.44,-7.610063e+07,-9.3275096e+07,0.005376242,0.005376242
2026-07-29 01:37:02.497,2026-07-29,7422.69,-7.593077e+07,-9.365779e+07,0.0053624343,0.0053624343
2026-07-29 01:38:02.517,2026-07-29,7422.19,-7.5783896e+07,-9.406639e+07,0.0053527835,0.0053527835
2026-07-29 01:39:02.543,2026-07-29,7422.69,-7.567105e+07,-9.45152e+07,0.0053440924,0.0053440924
2026-07-29 01:40:02.576,2026-07-29,7422.19,-7.57578e+07,-9.462355e+07,0.00535094,0.00535094
2026-07-29 01:41:02.608,2026-07-29,7420.94,-7.5589624e+07,-9.4413496e+07,0.00534086,0.00534086
2026-07-29 01:42:02.636,2026-07-29,7421.19,-7.598663e+07,-9.520504e+07,0.0053685494,0.0053685494
2026-07-29 01:43:02.67,2026-07-29,7422.69,-7.6095144e+07,-9.563709e+07,0.0053740432,0.0053740432
2026-07-29 01:44:02.698,2026-07-29,7421.44,-7.5763744e+07,-9.5515376e+07,0.0053524417,0.0053524417
2026-07-29 01:45:02.723,2026-07-29,7421.94,-7.5934824e+07,-9.5731064e+07,0.005363805,0.005363805
2026-07-29 01:46:02.747,2026-07-29,7420.69,-7.608112e+07,-9.5915504e+07,0.00537595,0.00537595
2026-07-29 01:47:02.773,2026-07-29,7421.44,-7.615027e+07,-9.6298984e+07,0.0053797485,0.0053797485
2026-07-29 01:48:02.798,2026-07-29,7421.44,-7.605639e+07,-9.6180264e+07,0.005373116,0.005373116
2026-07-29 01:49:02.822,2026-07-29,7421.44,-7.614061e+07,-9.6583024e+07,0.0053790654,0.0053790654
2026-07-29 01:50:02.849,2026-07-29,7420.19,-7.6122184e+07,-9.6559656e+07,0.0053795762,0.0053795762
2026-07-29 01:51:02.875,2026-07-29,7421.44,-7.6083384e+07,-9.651044e+07,0.005375023,0.005375023
2026-07-29 01:52:02.902,2026-07-29,7419.44,-7.6279336e+07,-9.675901e+07,0.0053917724,0.0053917724
2026-07-29 01:53:02.932,2026-07-29,7419.19,-7.603305e+07,-9.6446584e+07,0.0053747254,0.0053747254
2026-07-29 01:54:02.956,2026-07-29,7420.69,-7.626633e+07,-9.822629e+07,0.005389037,0.005389037
2026-07-29 01:55:02.98,2026-07-29,7421.44,-7.6408816e+07,-9.8707104e+07,0.0053980136,0.0053980136
2026-07-29 01:56:03.007,2026-07-29,7419.44,-7.641425e+07,-9.871413e+07,0.005401308,0.005401308
2026-07-29 01:57:03.032,2026-07-29,7418.44,-7.641601e+07,-9.87164e+07,0.005402889,0.005402889
2026-07-29 01:58:03.056,2026-07-29,7417.44,-7.6890944e+07,-9.9329936e+07,0.005437935,0.005437935
2026-07-29 01:59:03.085,2026-07-29,7417.94,-7.6893496e+07,-9.9632424e+07,0.005437382,0.005437382
2026-07-29 02:00:03.111,2026-07-29,7417.94,-7.702843e+07,-9.9507544e+07,0.005446924,0.005446924
2026-07-29 02:01:03.144,2026-07-29,7417.94,-7.705201e+07,-9.9238184e+07,0.005448591,0.005448591
2026-07-29 02:02:03.172,2026-07-29,7417.44,-7.73252e+07,-9.989092e+07,0.0054686465,0.0054686465
2026-07-29 02:03:03.203,2026-07-29,7417.94,-7.739832e+07,-9.9985376e+07,0.0054730796,0.0054730796
2026-07-29 02:04:03.227,2026-07-29,7414.94,-7.744124e+07,-1.0034215e+08,0.0054805465,0.0054805465
2026-07-29 02:05:03.254,2026-07-29,7413.19,-7.712305e+07,-1.0053004e+08,0.005460605,0.005460605
2026-07-29 02:06:03.28,2026-07-29,7412.94,-7.7050344e+07,-1.0223411e+08,0.005455826,0.005455826
2026-07-29 02:07:03.308,2026-07-29,7413.19,-7.691721e+07,-1.0175817e+08,0.0054460308,0.0054460308
2026-07-29 02:08:03.332,2026-07-29,7412.19,-7.6917176e+07,-1.0145884e+08,0.005447498,0.005447498
2026-07-29 02:09:03.359,2026-07-29,7412.69,-7.6788216e+07,-1.0248388e+08,0.0054376316,0.0054376316
2026-07-29 02:10:03.387,2026-07-29,7412.94,-7.6884104e+07,-1.03210176e+08,0.0054440545,0.0054440545
2026-07-29 02:11:03.411,2026-07-29,7413.94,-7.682339e+07,-1.034276e+08,0.005438288,0.005438288
2026-07-29 02:12:03.437,2026-07-29,7413.19,-7.678527e+07,-1.0337628e+08,0.0054366896,0.0054366896
2026-07-29 02:13:03.459,2026-07-29,7413.69,-7.688817e+07,-1.0381399e+08,0.005443241,0.005443241
2026-07-29 02:14:03.482,2026-07-29,7414.94,-7.6903624e+07,-1.03834856e+08,0.0054424996,0.0054424996
2026-07-29 02:15:03.508,2026-07-29,7415.94,-7.71406e+07,-1.04755136e+08,0.005457798,0.005457798
2026-07-29 02:16:03.533,2026-07-29,7416.94,-7.7322416e+07,-1.0500204e+08,0.005469187,0.005469187
2026-07-29 02:17:03.56,2026-07-29,7416.19,-7.71772e+07,-1.05105144e+08,0.0054600197,0.0054600197
2026-07-29 02:18:03.583,2026-07-29,7417.94,-7.733371e+07,-1.05920104e+08,0.005468511,0.005468511
2026-07-29 02:19:03.609,2026-07-29,7418.19,-7.7529096e+07,-1.07696056e+08,0.0054819575,0.0054819575
2026-07-29 02:20:03.648,2026-07-29,7417.19,-7.740667e+07,-1.0812839e+08,0.0054747774,0.0054747774
2026-07-29 02:21:03.674,2026-07-29,7416.69,-7.7399016e+07,-1.0811769e+08,0.005474974,0.005474974
2026-07-29 02:22:03.701,2026-07-29,7416.19,-7.7476176e+07,-1.08526936e+08,0.005481171,0.005481171
2026-07-29 02:23:03.726,2026-07-29,7415.44,-7.763343e+07,-1.08747224e+08,0.0054934076,0.0054934076
2026-07-29 02:24:03.75,2026-07-29,7418.19,-7.7542464e+07,-1.0892152e+08,0.005482903,0.005482903
2026-07-29 02:25:03.774,2026-07-29,7417.69,-7.758961e+07,-1.09591544e+08,0.005486976,0.005486976
2026-07-29 02:26:03.8,2026-07-29,7418.69,-7.753503e+07,-1.1011785e+08,0.005481639,0.005481639
2026-07-29 02:27:03.826,2026-07-29,7420.69,-7.754081e+07,-1.1042777e+08,0.0054790927,0.0054790927
2026-07-29 02:28:03.849,2026-07-29,7421.19,-7.7551264e+07,-1.10140896e+08,0.0054790927,0.0054790927
2026-07-29 02:29:03.874,2026-07-29,7419.69,-7.760705e+07,-1.10522104e+08,0.0054852515,0.0054852515
2026-07-29 02:30:03.909,2026-07-29,7422.69,-7.745345e+07,-1.1030336e+08,0.005469971,0.005469971
2026-07-29 02:31:03.937,2026-07-29,7424.44,-7.782168e+07,-1.1567269e+08,0.0054933853,0.0054933853
2026-07-29 02:32:03.963,2026-07-29,7425.44,-7.6827144e+07,-1.1628699e+08,0.005421721,0.005421721
2026-07-29 02:33:03.99,2026-07-29,7428.94,-7.644191e+07,-1.16298776e+08,0.005389453,0.005389453
2026-07-29 02:34:04.019,2026-07-29,7428.44,-7.5920256e+07,-1.1698219e+08,0.0053533954,0.0053533954
2026-07-29 02:35:04.044,2026-07-29,7428.19,-7.557656e+07,-1.1674667e+08,0.0053295186,0.0053295186
2026-07-29 02:36:04.069,2026-07-29,7429.69,-7.5511016e+07,-1.1635161e+08,0.005322747,0.005322747
2026-07-29 02:37:04.097,2026-07-29,7430.19,-7.5486576e+07,-1.1660767e+08,0.005320308,0.005320308
2026-07-29 02:38:04.125,2026-07-29,7432.44,-7.5776176e+07,-1.1764473e+08,0.005337486,0.005337486
2026-07-29 02:39:04.149,2026-07-29,7432.44,-7.541691e+07,-1.18847664e+08,0.00531218,0.00531218
2026-07-29 02:40:04.176,2026-07-29,7431.94,-7.515244e+07,-1.1901573e+08,0.005294264,0.005294264
2026-07-29 02:41:04.203,2026-07-29,7432.44,-7.5516736e+07,-1.2106184e+08,0.005319211,0.005319211
2026-07-29 02:42:04.228,2026-07-29,7433.94,-7.519988e+07,-1.2143172e+08,0.0052947556,0.0052947556
2026-07-29 02:43:04.261,2026-07-29,7434.69,-7.499776e+07,-1.21688976e+08,0.0052794595,0.0052794595
2026-07-29 02:44:04.293,2026-07-29,7433.94,-7.498263e+07,-1.21956184e+08,0.0052794595,0.0052794595
2026-07-29 02:45:04.323,2026-07-29,7433.69,-7.507361e+07,-1.2210416e+08,0.0052862205,0.0052862205
2026-07-29 02:46:04.35,2026-07-29,7432.94,-7.49836e+07,-1.23416584e+08,0.0052809482,0.0052809482
2026-07-29 02:47:04.374,2026-07-29,7435.94,-7.5008744e+07,-1.24625416e+08,0.005278457,0.005278457
2026-07-29 02:48:04.4,2026-07-29,7435.94,-7.5008744e+07,-1.2696032e+08,0.005278457,0.005278457
2026-07-29 02:49:04.424,2026-07-29,7437.19,-7.4165464e+07,-1.26975896e+08,0.0052173603,0.0052173603
2026-07-29 02:50:04.447,2026-07-29,7436.94,-7.349875e+07,-1.2755036e+08,0.0051708063,0.0051708063
2026-07-29 02:51:04.478,2026-07-29,7438.44,-7.352952e+07,-1.26173224e+08,0.005170885,0.005170885
2026-07-29 02:52:04.517,2026-07-29,7438.19,-7.2819984e+07,-1.2495569e+08,0.0051213317,0.0051213317
2026-07-29 02:53:04.548,2026-07-29,7438.69,-7.25228e+07,-1.2501012e+08,0.0050997455,0.0050997455
2026-07-29 02:54:04.578,2026-07-29,7438.44,-7.227947e+07,-1.2740312e+08,0.005082977,0.005082977
2026-07-29 02:55:04.604,2026-07-29,7439.19,-7.229564e+07,-1.27431616e+08,0.0050830888,0.0050830888
2026-07-29 02:56:04.635,2026-07-29,7439.19,-7.229564e+07,-1.27994224e+08,0.0050830888,0.0050830888
2026-07-29 02:57:04.661,2026-07-29,7439.69,-7.189697e+07,-1.2728841e+08,0.005054379,0.005054379
2026-07-29 02:58:04.685,2026-07-29,7438.94,-7.1833264e+07,-1.2773464e+08,0.0050509186,0.0050509186
2026-07-29 02:59:04.713,2026-07-29,7438.94,-7.1948496e+07,-1.28219496e+08,0.005059021,0.005059021
2026-07-29 03:00:04.74,2026-07-29,7440.19,-7.184852e+07,-1.2776177e+08,0.005050294,0.005050294
2026-07-29 03:01:04.77,2026-07-29,7438.44,-7.210043e+07,-1.27929176e+08,0.005070386,0.005070386
2026-07-29 03:02:04.801,2026-07-29,7437.69,-7.319779e+07,-1.31585136e+08,0.0051485947,0.0051485947
2026-07-29 03:03:04.829,2026-07-29,7436.44,-7.2527896e+07,-1.30663104e+08,0.005103191,0.005103191
2026-07-29 03:04:04.863,2026-07-29,7436.44,-7.2989376e+07,-1.3177848e+08,0.005135661,0.005135661
2026-07-29 03:05:04.891,2026-07-29,7437.69,-7.277087e+07,-1.33366064e+08,0.0051185656,0.0051185656
2026-07-29 03:06:04.917,2026-07-29,7438.19,-7.298197e+07,-1.33752944e+08,0.005132724,0.005132724
2026-07-29 03:07:04.944,2026-07-29,7437.94,-7.2708144e+07,-1.3353403e+08,0.0051138103,0.0051138103
2026-07-29 03:08:04.974,2026-07-29,7438.44,-7.303573e+07,-1.34135664e+08,0.0051361597,0.0051361597
2026-07-29 03:09:05.003,2026-07-29,7438.94,-7.300589e+07,-1.34080856e+08,0.0051333713,0.0051333713
2026-07-29 03:10:05.028,2026-07-29,7441.44,-7.305497e+07,-1.3502378e+08,0.0051333713,0.0051333713
2026-07-29 03:11:05.068,2026-07-29,7442.69,-7.224416e+07,-1.3464962e+08,0.005074693,0.005074693
2026-07-29 03:12:05.104,2026-07-29,7443.19,-7.163912e+07,-1.3407944e+08,0.0050315163,0.0050315163
2026-07-29 03:13:05.13,2026-07-29,7442.94,-7.1634304e+07,-1.3407043e+08,0.0050315163,0.0050315163
2026-07-29 03:14:05.172,2026-07-29,7440.69,-7.139049e+07,-1.3416967e+08,0.005017424,0.005017424
2026-07-29 03:15:05.202,2026-07-29,7440.19,-7.203855e+07,-1.3566794e+08,0.005063651,0.005063651
2026-07-29 03:16:05.229,2026-07-29,7440.94,-7.2427144e+07,-1.3639976e+08,0.0050899396,0.0050899396
2026-07-29 03:17:05.259,2026-07-29,7440.69,-7.2426576e+07,-1.3639869e+08,0.0050902413,0.0050902413
2026-07-29 03:18:05.294,2026-07-29,7442.19,-7.189097e+07,-1.3594946e+08,0.005050562,0.005050562
2026-07-29 03:19:05.331,2026-07-29,7439.44,-7.220956e+07,-1.3655194e+08,0.0050766952,0.0050766952
2026-07-29 03:20:05.367,2026-07-29,7439.94,-7.265681e+07,-1.373977e+08,0.0051074526,0.0051074526
2026-07-29 03:21:05.394,2026-07-29,7439.19,-7.2065536e+07,-1.3627958e+08,0.0050669103,0.0050669103
2026-07-29 03:22:05.421,2026-07-29,7438.69,-7.2917784e+07,-1.3849195e+08,0.0050669103,0.005089453
2026-07-29 03:23:05.448,2026-07-29,7437.94,-7.271004e+07,-1.3834712e+08,0.005113943,0.005113943
2026-07-29 03:24:05.475,2026-07-29,7437.94,-7.318048e+07,-1.3981173e+08,0.005147031,0.005147031
2026-07-29 03:25:05.501,2026-07-29,7437.69,-7.317971e+07,-1.4009501e+08,0.005147323,0.005147323
2026-07-29 03:26:05.533,2026-07-29,7438.19,-7.318955e+07,-1.4039862e+08,0.005147323,0.005147323
2026-07-29 03:27:05.559,2026-07-29,7440.69,-7.3266776e+07,-1.4054677e+08,0.0051492923,0.0051492923
2026-07-29 03:28:05.584,2026-07-29,7439.94,-7.226393e+07,-1.3862302e+08,0.0050798347,0.0050798347
2026-07-29 03:29:05.62,2026-07-29,7439.94,-7.248997e+07,-1.3905662e+08,0.005095724,0.005095724
2026-07-29 03:30:05.661,2026-07-29,7442.19,-7.259363e+07,-1.3869054e+08,0.005099926,0.005099926
2026-07-29 03:31:05.687,2026-07-29,7442.19,-7.2098064e+07,-1.3774378e+08,0.005065111,0.005065111
2026-07-29 03:32:05.719,2026-07-29,7443.44,-7.212229e+07,-1.3835131e+08,0.005065111,0.005065111
2026-07-29 03:33:05.749,2026-07-29,7443.44,-7.167499e+07,-1.3693549e+08,0.005033698,0.005033698
2026-07-29 03:34:05.782,2026-07-29,7442.19,-7.16986e+07,-1.353067e+08,0.005037048,0.005037048
2026-07-29 03:35:05.812,2026-07-29,7441.44,-7.2330024e+07,-1.3621685e+08,0.0050824312,0.0050824312
2026-07-29 03:36:05.843,2026-07-29,7441.44,-7.1900496e+07,-1.3624723e+08,0.0050522494,0.0050522494
2026-07-29 03:37:05.875,2026-07-29,7444.19,-7.2149456e+07,-1.3671901e+08,0.0050659985,0.0050659985
2026-07-29 03:38:05.903,2026-07-29,7443.19,-7.213007e+07,-1.5632861e+08,0.0050659985,0.0050659985
2026-07-29 03:39:05.929,2026-07-29,7443.44,-7.131563e+07,-1.5456346e+08,0.0050084605,0.0050084605
2026-07-29 03:40:05.955,2026-07-29,7442.94,-7.181727e+07,-1.5565066e+08,0.0050443676,0.0050443676
2026-07-29 03:41:05.983,2026-07-29,7443.94,-7.158684e+07,-1.5515125e+08,0.0050268318,0.0050268318
2026-07-29 03:42:06.01,2026-07-29,7444.44,-7.116727e+07,-1.5424192e+08,0.0049966983,0.0049966983
2026-07-29 03:43:06.044,2026-07-29,7443.69,-7.138447e+07,-1.5471266e+08,0.005012958,0.005012958
2026-07-29 03:44:06.073,2026-07-29,7444.19,-7.1534504e+07,-1.5503781e+08,0.005022819,0.005022819
2026-07-29 03:45:06.097,2026-07-29,7442.94,-7.139871e+07,-1.6029984e+08,0.005014969,0.005014969
2026-07-29 03:46:06.122,2026-07-29,7441.44,-7.1947136e+07,-1.6181106e+08,0.0050555267,0.0050555267
2026-07-29 03:47:06.146,2026-07-29,7442.19,-7.226132e+07,-1.6251768e+08,0.00507658,0.00507658
2026-07-29 03:48:06.177,2026-07-29,7441.69,-7.205365e+07,-1.6120952e+08,0.005062671,0.005062671
2026-07-29 03:49:06.203,2026-07-29,7440.69,-7.228835e+07,-1.6482869e+08,0.005080527,0.005080527
2026-07-29 03:50:06.227,2026-07-29,7440.44,-7.218697e+07,-1.6459752e+08,0.005073743,0.005073743
2026-07-29 03:51:06.251,2026-07-29,7440.19,-7.2371584e+07,-1.6473688e+08,0.0050870604,0.0050870604
2026-07-29 03:52:06.299,2026-07-29,7441.44,-7.24706e+07,-1.6496226e+08,0.0050923093,0.0050923093
2026-07-29 03:53:06.329,2026-07-29,7440.44,-7.2286304e+07,-1.6454275e+08,0.0050807246,0.0050807246
2026-07-29 03:54:06.357,2026-07-29,7440.19,-7.216579e+07,-1.6398763e+08,0.005072595,0.005072595
2026-07-29 03:55:06.382,2026-07-29,7438.94,-7.2502824e+07,-1.7885912e+08,0.0050979983,0.0050979983
2026-07-29 03:56:06.407,2026-07-29,7440.19,-7.268909e+07,-1.7931859e+08,0.0051093777,0.0051093777
2026-07-29 03:57:06.432,2026-07-29,7442.19,-7.2223384e+07,-1.7816974e+08,0.0050739152,0.0050739152
2026-07-29 03:58:06.457,2026-07-29,7443.19,-7.216991e+07,-1.7803784e+08,0.0050687967,0.0050687967
2026-07-29 03:59:06.484,2026-07-29,7442.19,-7.1575864e+07,-1.7657237e+08,0.005028425,0.005028425
2026-07-29 04:00:06.511,2026-07-29,7441.94,-7.2386216e+07,-1.7857144e+08,0.005085696,0.005085696
2026-07-29 04:01:06.539,2026-07-29,7440.44,-7.2384696e+07,-1.7856768e+08,0.00508764,0.00508764
2026-07-29 04:02:06.573,2026-07-29,7441.69,-7.2409016e+07,-1.786277e+08,0.00508764,0.00508764
2026-07-29 04:03:06.598,2026-07-29,7440.69,-7.238956e+07,-1.7857968e+08,0.00508764,0.00508764
2026-07-29 04:04:06.623,2026-07-29,7441.19,-7.277801e+07,-1.7953797e+08,0.0051142536,0.0051142536
2026-07-29 04:05:06.646,2026-07-29,7439.19,-7.273889e+07,-1.7944147e+08,0.0051142536,0.0051142536
2026-07-29 04:06:06.672,2026-07-29,7439.94,-7.309821e+07,-1.8032789e+08,0.005138481,0.005138481
2026-07-29 04:07:06.7,2026-07-29,7440.69,-7.311295e+07,-1.8064874e+08,0.005138481,0.005138481
2026-07-29 04:08:06.727,2026-07-29,7439.94,-7.309821e+07,-1.8061232e+08,0.005138481,0.005138481
2026-07-29 04:09:06.759,2026-07-29,7440.44,-7.264872e+07,-1.8006706e+08,0.0051061977,0.0051061977
2026-07-29 04:10:06.795,2026-07-29,7439.44,-7.262919e+07,-1.7973606e+08,0.0051061977,0.0051061977
2026-07-29 04:11:06.822,2026-07-29,7438.94,-7.261943e+07,-1.805596e+08,0.0051061977,0.0051061977
2026-07-29 04:12:06.846,2026-07-29,7438.69,-7.266143e+07,-1.8066403e+08,0.005109494,0.005109494
2026-07-29 04:13:06.869,2026-07-29,7436.69,-7.262237e+07,-1.828275e+08,0.005109494,0.005109494
2026-07-29 04:14:06.897,2026-07-29,7436.69,-7.370023e+07,-1.8582782e+08,0.00518533,0.00518533
2026-07-29 04:15:06.925,2026-07-29,7435.19,-7.3672816e+07,-1.8604536e+08,0.0051854923,0.0051854923
2026-07-29 04:16:06.953,2026-07-29,7434.94,-7.4494464e+07,-1.8898986e+08,0.005243677,0.005243677
2026-07-29 04:17:06.981,2026-07-29,7436.44,-7.453244e+07,-1.8879618e+08,0.005244234,0.005244234
2026-07-29 04:18:07.003,2026-07-29,7437.19,-7.4085776e+07,-1.8766475e+08,0.0052117547,0.0052117547
2026-07-29 04:19:07.026,2026-07-29,7436.69,-7.4777936e+07,-1.8941803e+08,0.0052611534,0.0052611534
2026-07-29 04:20:07.054,2026-07-29,7435.19,-7.4606664e+07,-1.8985509e+08,0.005251222,0.005251222
2026-07-29 04:21:07.079,2026-07-29,7435.19,-7.4947656e+07,-1.9072283e+08,0.0052752225,0.0052752225
2026-07-29 04:22:07.107,2026-07-29,7435.44,-7.540671e+07,-1.9247782e+08,0.0053071766,0.0053071766
2026-07-29 04:23:07.132,2026-07-29,7435.19,-7.5518176e+07,-1.9276234e+08,0.005315379,0.005315379
2026-07-29 04:24:07.158,2026-07-29,7433.94,-7.528183e+07,-1.92452e+08,0.005300526,0.005300526
2026-07-29 04:25:07.185,2026-07-29,7431.69,-7.586225e+07,-1.9423098e+08,0.0053446274,0.0053446274
2026-07-29 04:26:07.213,2026-07-29,7431.44,-7.712581e+07,-1.9746608e+08,0.005434013,0.005434013
2026-07-29 04:27:07.243,2026-07-29,7430.19,-7.7099864e+07,-1.9679966e+08,0.005434013,0.005434013
2026-07-29 04:28:07.269,2026-07-29,7431.94,-7.7847936e+07,-1.9931494e+08,0.0054841535,0.0054841535
2026-07-29 04:29:07.309,2026-07-29,7430.44,-7.736323e+07,-2.0168624e+08,0.0054522078,0.0054522078
2026-07-29 04:30:07.338,2026-07-29,7431.69,-7.7389256e+07,-2.0205523e+08,0.0054522078,0.0054522078
2026-07-29 04:31:07.365,2026-07-29,7434.69,-7.758607e+07,-2.0377666e+08,0.0054616635,0.0054616635
2026-07-29 04:32:07.392,2026-07-29,7438.44,-7.7348176e+07,-2.0525859e+08,0.005439428,0.005439428
2026-07-29 04:33:07.418,2026-07-29,7440.19,-7.616139e+07,-2.0270192e+08,0.0053534494,0.0053534494
2026-07-29 04:34:07.457,2026-07-29,7439.94,-7.4676744e+07,-1.9904114e+08,0.0052494453,0.0052494453
2026-07-29 04:35:07.489,2026-07-29,7439.69,-7.467173e+07,-2.0018997e+08,0.0052494453,0.0052494453
2026-07-29 04:36:07.518,2026-07-29,7438.94,-7.465667e+07,-2.001496e+08,0.0052494453,0.0052494453
2026-07-29 04:37:07.544,2026-07-29,7440.44,-7.5241184e+07,-2.0318048e+08,0.005288412,0.005288412
2026-07-29 04:38:07.571,2026-07-29,7439.94,-7.523107e+07,-2.0315317e+08,0.005288412,0.005288412
2026-07-29 04:39:07.597,2026-07-29,7438.94,-7.494137e+07,-2.0237085e+08,0.005269463,0.005269463
2026-07-29 04:40:07.621,2026-07-29,7438.69,-7.493633e+07,-2.0235725e+08,0.005269463,0.005269463
2026-07-29 04:41:07.65,2026-07-29,7439.94,-7.496152e+07,-2.0242526e+08,0.005269463,0.005269463
2026-07-29 04:42:07.672,2026-07-29,7439.19,-7.461452e+07,-2.0148822e+08,0.0052461284,0.0052461284
2026-07-29 04:43:07.697,2026-07-29,7440.44,-7.463959e+07,-2.0184637e+08,0.0052461284,0.0052461284
2026-07-29 04:44:07.721,2026-07-29,7442.44,-7.467973e+07,-2.019549e+08,0.0052461284,0.0052461284
2026-07-29 04:45:07.746,2026-07-29,7442.69,-7.3464736e+07,-1.9866923e+08,0.005160431,0.005160431
2026-07-29 04:46:07.77,2026-07-29,7443.44,-7.285369e+07,-1.9701678e+08,0.005116477,0.005116477
2026-07-29 04:47:07.795,2026-07-29,7443.94,-7.2730024e+07,-1.9668235e+08,0.0051071057,0.0051071057
2026-07-29 04:48:07.82,2026-07-29,7444.44,-7.2083704e+07,-1.9493454e+08,0.0050610416,0.0050610416
2026-07-29 04:49:07.846,2026-07-29,7441.94,-7.2285256e+07,-1.9547958e+08,0.005078603,0.005078603
2026-07-29 04:50:07.87,2026-07-29,7445.44,-7.2824864e+07,-1.997725e+08,0.0051117055,0.0051117055
2026-07-29 04:51:07.895,2026-07-29,7445.19,-7.221928e+07,-2.1469077e+08,0.005069539,0.005069539
2026-07-29 04:52:07.921,2026-07-29,7443.44,-7.157324e+07,-2.1221328e+08,0.0050265524,0.0050265524
2026-07-29 04:53:07.948,2026-07-29,7443.19,-7.224608e+07,-2.1505157e+08,0.005074146,0.005074146
2026-07-29 04:54:07.977,2026-07-29,7442.19,-7.2365056e+07,-2.3173712e+08,0.005083868,0.005083868
2026-07-29 04:55:07.999,2026-07-29,7442.44,-7.2437064e+07,-2.3196773e+08,0.005088585,0.005088585
2026-07-29 04:56:08.026,2026-07-29,7441.94,-7.362219e+07,-2.357629e+08,0.0051725334,0.0051725334
2026-07-29 04:57:08.056,2026-07-29,7441.69,-7.361725e+07,-2.3574706e+08,0.0051725334,0.0051725334
2026-07-29 04:58:08.086,2026-07-29,7441.44,-7.328941e+07,-2.3555274e+08,0.0051498446,0.0051498446
2026-07-29 04:59:08.11,2026-07-29,7439.94,-7.3259864e+07,-2.36598e+08,0.0051498446,0.0051498446
2026-07-29 05:00:08.14,2026-07-29,7441.94,-7.3299256e+07,-2.3672523e+08,0.0051498446,0.0051498446
2026-07-29 05:01:08.168,2026-07-29,7441.69,-7.3510456e+07,-2.374073e+08,0.00516503,0.00516503
2026-07-29 05:02:08.198,2026-07-29,7442.94,-7.353515e+07,-2.3748707e+08,0.00516503,0.00516503
2026-07-29 05:03:08.228,2026-07-29,7440.19,-7.274812e+07,-2.349453e+08,0.0051135276,0.0051135276
2026-07-29 05:04:08.256,2026-07-29,7443.94,-7.3628624e+07,-2.3836192e+08,0.0051702056,0.0051702056
2026-07-29 05:05:08.279,2026-07-29,7442.19,-7.359401e+07,-2.3824986e+08,0.0051702056,0.0051702056
2026-07-29 05:06:08.307,2026-07-29,7442.44,-7.285875e+07,-2.3586958e+08,0.005118208,0.005118208
2026-07-29 05:07:08.332,2026-07-29,7442.19,-7.2895736e+07,-2.3627294e+08,0.0051211496,0.0051211496
2026-07-29 05:08:08.358,2026-07-29,7441.19,-7.238339e+07,-2.346123e+08,0.005086523,0.005086523
2026-07-29 05:09:08.381,2026-07-29,7441.94,-7.3214816e+07,-2.3730717e+08,0.005143912,0.005143912
2026-07-29 05:10:08.408,2026-07-29,7442.19,-7.3219736e+07,-2.373231e+08,0.005143912,0.005143912
2026-07-29 05:11:08.435,2026-07-29,7441.19,-7.306853e+07,-2.3740163e+08,0.0051346687,0.0051346687
2026-07-29 05:12:08.461,2026-07-29,7442.69,-7.3097984e+07,-2.3835064e+08,0.0051346687,0.0051346687
2026-07-29 05:13:08.491,2026-07-29,7442.69,-7.3097984e+07,-2.3863506e+08,0.0051346687,0.0051346687
2026-07-29 05:14:08.515,2026-07-29,7441.69,-7.305469e+07,-2.384937e+08,0.0051330063,0.0051330063
2026-07-29 05:15:08.541,2026-07-29,7442.94,-7.3236616e+07,-2.3937259e+08,0.005144061,0.005144061
2026-07-29 05:16:08.571,2026-07-29,7442.44,-7.3226776e+07,-2.3934043e+08,0.005144061,0.005144061
2026-07-29 05:17:08.603,2026-07-29,7440.94,-7.3197264e+07,-2.3952878e+08,0.005144061,0.005144061
2026-07-29 05:18:08.637,2026-07-29,7440.69,-7.3392224e+07,-2.4016678e+08,0.005158109,0.005158109
2026-07-29 05:19:08.664,2026-07-29,7442.19,-7.3421824e+07,-2.4026362e+08,0.005158109,0.005158109
2026-07-29 05:20:08.69,2026-07-29,7441.19,-7.340209e+07,-2.4019906e+08,0.005158109,0.005158109
2026-07-29 05:21:08.716,2026-07-29,7440.94,-7.339716e+07,-2.4046851e+08,0.005158109,0.005158109
2026-07-29 05:22:08.741,2026-07-29,7440.69,-7.3838184e+07,-2.4220074e+08,0.0051894514,0.0051894514
2026-07-29 05:23:08.772,2026-07-29,7442.44,-7.387292e+07,-2.4835098e+08,0.0051894514,0.0051894514
2026-07-29 05:24:08.8,2026-07-29,7440.19,-7.3390384e+07,-2.4729989e+08,0.0051586726,0.0051586726
2026-07-29 05:25:08.824,2026-07-29,7440.44,-7.339531e+07,-2.4731651e+08,0.0051586726,0.0051586726
2026-07-29 05:26:08.846,2026-07-29,7442.44,-7.3766216e+07,-2.4885333e+08,0.0051819556,0.0051819556
2026-07-29 05:27:08.871,2026-07-29,7440.44,-7.372657e+07,-2.487196e+08,0.0051819556,0.0051819556
2026-07-29 05:28:08.895,2026-07-29,7439.69,-7.371171e+07,-2.4895627e+08,0.0051819556,0.0051819556
2026-07-29 05:29:08.922,2026-07-29,7439.94,-7.441571e+07,-2.5741467e+08,0.0052310955,0.0052310955
2026-07-29 05:30:08.946,2026-07-29,7440.69,-7.443072e+07,-2.5746658e+08,0.0052310955,0.0052310955
2026-07-29 05:31:08.974,2026-07-29,7439.94,-7.421017e+07,-2.5670365e+08,0.0052166465,0.0052166465
2026-07-29 05:32:09.001,2026-07-29,7439.44,-7.420019e+07,-2.5666914e+08,0.0052166465,0.0052166465
2026-07-29 05:33:09.029,2026-07-29,7438.94,-7.446728e+07,-2.5817254e+08,0.005236128,0.005236128
2026-07-29 05:34:09.059,2026-07-29,7439.44,-7.447729e+07,-2.5878683e+08,0.005236128,0.005236128
2026-07-29 05:35:09.084,2026-07-29,7439.69,-7.4580304e+07,-2.5914478e+08,0.005243018,0.005243018
2026-07-29 05:36:09.112,2026-07-29,7440.44,-7.45374e+07,-2.5899573e+08,0.0052389456,0.0052389456
2026-07-29 05:37:09.14,2026-07-29,7440.19,-7.453239e+07,-2.5897832e+08,0.0052389456,0.0052389456
2026-07-29 05:38:09.168,2026-07-29,7441.19,-7.428029e+07,-2.5810234e+08,0.005219822,0.005219822
2026-07-29 05:39:09.199,2026-07-29,7442.69,-7.431024e+07,-2.5878469e+08,0.005219822,0.005219822
2026-07-29 05:40:09.223,2026-07-29,7440.94,-7.3498616e+07,-2.5881808e+08,0.005165239,0.005165239
2026-07-29 05:41:09.251,2026-07-29,7442.19,-7.352331e+07,-2.5890504e+08,0.005165239,0.005165239
2026-07-29 05:42:09.278,2026-07-29,7442.69,-7.353319e+07,-2.5893984e+08,0.005165239,0.005165239
2026-07-29 05:43:09.302,2026-07-29,7444.44,-7.340609e+07,-2.5849226e+08,0.005153887,0.005153887
2026-07-29 05:44:09.33,2026-07-29,7442.69,-7.320557e+07,-2.5778614e+08,0.005142226,0.005142226
2026-07-29 05:45:09.354,2026-07-29,7443.69,-7.340084e+07,-2.6132984e+08,0.005154557,0.005154557
2026-07-29 05:46:09.387,2026-07-29,7445.19,-7.318028e+07,-2.6225307e+08,0.005136998,0.005136998
2026-07-29 05:47:09.415,2026-07-29,7444.69,-7.239883e+07,-2.5945262e+08,0.0050828257,0.0050828257
2026-07-29 05:48:09.437,2026-07-29,7445.94,-7.219929e+07,-2.5901846e+08,0.0050671147,0.0050671147
2026-07-29 05:49:09.468,2026-07-29,7446.44,-7.2052104e+07,-2.593315e+08,0.005056106,0.005056106
2026-07-29 05:50:09.495,2026-07-29,7447.94,-7.227135e+07,-2.6040184e+08,0.0050694486,0.0050694486
2026-07-29 05:51:09.52,2026-07-29,7448.94,-7.152428e+07,-2.5771006e+08,0.0050156987,0.0050156987
2026-07-29 05:52:09.548,2026-07-29,7450.69,-7.027396e+07,-2.5320501e+08,0.004925704,0.004925704
2026-07-29 05:53:09.572,2026-07-29,7451.69,-6.938164e+07,-2.548493e+08,0.004861854,0.004861854
2026-07-29 05:54:09.599,2026-07-29,7449.19,-6.9335096e+07,-2.5494811e+08,0.004861854,0.004861854
2026-07-29 05:55:09.625,2026-07-29,7446.69,-7.0694616e+07,-2.6022221e+08,0.0049605137,0.0049605137
2026-07-29 05:56:09.65,2026-07-29,7445.19,-7.0666136e+07,-2.6534173e+08,0.0049605137,0.0049605137
2026-07-29 05:57:09.685,2026-07-29,7443.69,-7.182843e+07,-2.6998547e+08,0.0050441353,0.0050441353
2026-07-29 05:58:09.717,2026-07-29,7445.19,-7.271977e+07,-2.7361872e+08,0.005104671,0.005104671
2026-07-29 05:59:09.742,2026-07-29,7446.44,-7.2863664e+07,-2.7416016e+08,0.0051130555,0.0051130555
2026-07-29 06:00:09.769,2026-07-29,7445.44,-7.2587104e+07,-2.7311955e+08,0.0050950167,0.0050950167
2026-07-29 06:01:09.795,2026-07-29,7445.19,-7.19814e+07,-2.708405e+08,0.0050528403,0.0050528403
2026-07-29 06:02:09.819,2026-07-29,7446.69,-7.246305e+07,-2.7293472e+08,0.005084601,0.005084601
2026-07-29 06:03:09.896,2026-07-29,7447.19,-7.216215e+07,-2.7208218e+08,0.0050628083,0.0050628083
2026-07-29 06:04:09.926,2026-07-29,7446.94,-7.2120824e+07,-2.7192637e+08,0.0050602485,0.0050602485
2026-07-29 06:05:09.952,2026-07-29,7446.94,-7.17908e+07,-2.7096138e+08,0.0050370926,0.0050370926
2026-07-29 06:06:09.99,2026-07-29,7447.44,-7.168995e+07,-2.7058077e+08,0.005029342,0.005029342
2026-07-29 06:07:10.018,2026-07-29,7443.44,-7.072915e+07,-2.6695438e+08,0.004967272,0.004967272
2026-07-29 06:08:10.047,2026-07-29,7443.94,-7.0738656e+07,-2.6864173e+08,0.004967272,0.004967272
2026-07-29 06:09:10.075,2026-07-29,7444.44,-7.308421e+07,-2.7754938e+08,0.0051312875,0.0051312875
2026-07-29 06:10:10.098,2026-07-29,7445.69,-7.282599e+07,-2.7656877e+08,0.0051114415,0.0051114415
2026-07-29 06:11:10.122,2026-07-29,7444.94,-7.2748856e+07,-2.762758e+08,0.0051070563,0.0051070563
2026-07-29 06:12:10.148,2026-07-29,7444.19,-7.2535856e+07,-2.754669e+08,0.0050931294,0.0050931294
2026-07-29 06:13:10.183,2026-07-29,7443.19,-7.2618816e+07,-2.7578195e+08,0.0051003247,0.0051003247
2026-07-29 06:14:10.214,2026-07-29,7443.69,-7.2756304e+07,-2.7715338e+08,0.005109295,0.005109295
2026-07-29 06:15:10.238,2026-07-29,7444.69,-7.255347e+07,-2.7976845e+08,0.005093682,0.005093682
2026-07-29 06:16:10.265,2026-07-29,7444.44,-7.2666816e+07,-2.8048826e+08,0.005101982,0.005101982
2026-07-29 06:17:10.288,2026-07-29,7444.94,-7.265023e+07,-2.8042422e+08,0.005100133,0.005100133
2026-07-29 06:18:10.314,2026-07-29,7445.69,-7.233812e+07,-2.79501e+08,0.005077199,0.005077199
2026-07-29 06:19:10.342,2026-07-29,7444.19,-7.2364016e+07,-2.7988262e+08,0.005081064,0.005081064
2026-07-29 06:20:10.366,2026-07-29,7444.19,-7.211284e+07,-2.7975293e+08,0.005063427,0.005063427
2026-07-29 06:21:10.393,2026-07-29,7444.19,-7.2564216e+07,-2.8178634e+08,0.005095121,0.005095121
2026-07-29 06:22:10.418,2026-07-29,7443.69,-7.2740416e+07,-2.827536e+08,0.005108179,0.005108179
2026-07-29 06:23:10.443,2026-07-29,7444.19,-7.282763e+07,-2.8309264e+08,0.0051136166,0.0051136166
2026-07-29 06:24:10.468,2026-07-29,7443.94,-7.2917936e+07,-2.8344365e+08,0.0051203016,0.0051203016
2026-07-29 06:25:10.497,2026-07-29,7442.94,-7.279473e+07,-2.8296474e+08,0.0051130233,0.0051130233
2026-07-29 06:26:10.524,2026-07-29,7441.94,-7.2963176e+07,-2.8390342e+08,0.0051262323,0.0051262323
2026-07-29 06:27:10.552,2026-07-29,7442.94,-7.3698616e+07,-2.876253e+08,0.005176511,0.005176511
2026-07-29 06:28:10.58,2026-07-29,7442.69,-7.3693664e+07,-2.8789274e+08,0.005176511,0.005176511
2026-07-29 06:29:10.604,2026-07-29,7444.19,-7.321429e+07,-2.8602003e+08,0.005140766,0.005140766
2026-07-29 06:30:10.627,2026-07-29,7445.69,-7.32438e+07,-2.867053e+08,0.005140766,0.005140766
2026-07-29 06:31:10.652,2026-07-29,7443.94,-6.665756e+07,-2.868554e+08,0.005140766,0.005140766
2026-07-29 06:32:10.68,2026-07-29,7442.44,-6.6304544e+07,-2.8561958e+08,0.005115602,0.005115602
2026-07-29 06:33:10.706,2026-07-29,7442.44,-6.667058e+07,-2.8776618e+08,0.005143843,0.005143843
2026-07-29 06:34:10.734,2026-07-29,7443.19,-6.673232e+07,-2.8831786e+08,0.005147569,0.005147569
2026-07-29 06:35:10.767,2026-07-29,7441.44,-6.6700944e+07,-2.8818227e+08,0.005147569,0.005147569
2026-07-29 06:36:10.796,2026-07-29,7441.19,-6.6696464e+07,-2.8958806e+08,0.005147569,0.005147569
2026-07-29 06:37:10.821,2026-07-29,7441.19,-6.706256e+07,-2.911776e+08,0.005175824,0.005175824
2026-07-29 06:38:10.85,2026-07-29,7440.19,-6.7044536e+07,-2.9138586e+08,0.005175824,0.005175824
2026-07-29 06:39:10.877,2026-07-29,7439.69,-6.721248e+07,-2.9182854e+08,0.0051894863,0.0051894863
2026-07-29 06:40:10.904,2026-07-29,7438.69,-6.7194416e+07,-2.9232442e+08,0.0051894863,0.0051894863
2026-07-29 06:41:10.927,2026-07-29,7440.69,-6.723055e+07,-2.947801e+08,0.0051894863,0.0051894863
2026-07-29 06:42:10.956,2026-07-29,7441.19,-6.7239584e+07,-2.9625648e+08,0.0051894863,0.0051894863
2026-07-29 06:43:10.985,2026-07-29,7440.44,-6.7082736e+07,-2.967121e+08,0.005178425,0.005178425
2026-07-29 06:44:11.016,2026-07-29,7441.19,-6.709626e+07,-2.973454e+08,0.005178425,0.005178425
2026-07-29 06:45:11.064,2026-07-29,7440.94,-6.7534896e+07,-2.9928928e+08,0.0052126287,0.0052126287
2026-07-29 06:46:11.094,2026-07-29,7440.69,-6.753036e+07,-2.9926915e+08,0.0052126287,0.0052126287
2026-07-29 06:47:11.122,2026-07-29,7439.94,-6.788004e+07,-3.011089e+08,0.005240677,0.005240677
2026-07-29 06:48:11.146,2026-07-29,7439.44,-6.787092e+07,-3.0106842e+08,0.005240677,0.005240677
2026-07-29 06:49:11.175,2026-07-29,7440.19,-6.78846e+07,-3.0025882e+08,0.005240677,0.005240677
2026-07-29 06:50:11.201,2026-07-29,7440.19,-6.7375296e+07,-2.980061e+08,0.005201358,0.005201358
2026-07-29 06:51:11.24,2026-07-29,7442.19,-6.741152e+07,-2.9845443e+08,0.005201358,0.005201358
2026-07-29 06:52:11.265,2026-07-29,7437.94,-6.733455e+07,-2.989769e+08,0.005201358,0.005201358
2026-07-29 06:53:11.295,2026-07-29,7438.19,-6.812499e+07,-3.0248662e+08,0.0052620634,0.0052620634
2026-07-29 06:54:11.328,2026-07-29,7438.19,-6.812499e+07,-3.0277776e+08,0.0052620634,0.0052620634
2026-07-29 06:55:11.353,2026-07-29,7436.94,-6.8444224e+07,-3.0419654e+08,0.0052884985,0.0052884985
2026-07-29 06:56:11.375,2026-07-29,7437.44,-6.8419184e+07,-3.0467005e+08,0.005285853,0.005285853
2026-07-29 06:57:11.402,2026-07-29,7438.69,-6.8305664e+07,-3.0474832e+08,0.005275309,0.005275309
2026-07-29 06:58:11.431,2026-07-29,7437.94,-6.778975e+07,-3.021569e+08,0.0052365214,0.0052365214
2026-07-29 06:59:11.456,2026-07-29,7437.69,-6.77852e+07,-3.0213658e+08,0.0052365214,0.0052365214
2026-07-29 07:00:11.481,2026-07-29,7439.44,-6.813689e+07,-3.0370416e+08,0.0052612135,0.0052612135
2026-07-29 07:01:11.509,2026-07-29,7440.94,-6.7838336e+07,-3.0237344e+08,0.005236049,0.005236049
2026-07-29 07:02:11.541,2026-07-29,7440.44,-6.7829216e+07,-3.0291254e+08,0.005236049,0.005236049
2026-07-29 07:03:11.57,2026-07-29,7441.44,-6.7058788e+07,-2.9947194e+08,0.005175185,0.005175185
2026-07-29 07:04:11.598,2026-07-29,7441.19,-6.705428e+07,-2.9973837e+08,0.005175185,0.005175185
2026-07-29 07:05:11.62,2026-07-29,7440.69,-6.735339e+07,-3.0107542e+08,0.0051989686,0.0051989686
2026-07-29 07:06:11.647,2026-07-29,7439.44,-6.733076e+07,-3.0097427e+08,0.0051989686,0.0051989686
2026-07-29 07:07:11.672,2026-07-29,7439.94,-6.790699e+07,-3.0355005e+08,0.005242757,0.005242757
2026-07-29 07:08:11.699,2026-07-29,7440.94,-6.792525e+07,-3.0363165e+08,0.005242757,0.005242757
2026-07-29 07:09:11.723,2026-07-29,7442.69,-6.79572e+07,-3.040649e+08,0.005242757,0.005242757
2026-07-29 07:10:11.751,2026-07-29,7443.44,-6.6412784e+07,-2.9715462e+08,0.0051225764,0.0051225764
2026-07-29 07:11:11.783,2026-07-29,7443.94,-6.6384204e+07,-2.9731046e+08,0.005119684,0.005119684
2026-07-29 07:12:11.813,2026-07-29,7443.19,-6.5981916e+07,-2.960727e+08,0.0050896844,0.0050896844
2026-07-29 07:13:11.836,2026-07-29,7443.19,-6.5992496e+07,-2.9612016e+08,0.0050905,0.0050905
2026-07-29 07:14:11.866,2026-07-29,7443.19,-6.6109184e+07,-2.9664378e+08,0.0050995015,0.0050995015
2026-07-29 07:15:11.892,2026-07-29,7441.44,-6.6011168e+07,-2.9676816e+08,0.0050943363,0.0050943363
2026-07-29 07:16:11.919,2026-07-29,7442.19,-6.6614664e+07,-2.9976598e+08,0.005139874,0.005139874
2026-07-29 07:17:11.946,2026-07-29,7442.19,-6.6614664e+07,-3.0005066e+08,0.005139874,0.005139874
2026-07-29 07:18:11.973,2026-07-29,7444.44,-6.6654948e+07,-3.0080182e+08,0.005139874,0.005139874
2026-07-29 07:19:11.999,2026-07-29,7443.94,-6.6519532e+07,-3.0104352e+08,0.005130121,0.005130121
2026-07-29 07:20:12.029,2026-07-29,7443.19,-6.6506128e+07,-3.0098285e+08,0.005130121,0.005130121
2026-07-29 07:21:12.058,2026-07-29,7443.94,-6.6519532e+07,-3.0104352e+08,0.005130121,0.005130121
2026-07-29 07:22:12.08,2026-07-29,7444.94,-6.5894364e+07,-2.9849584e+08,0.0050805416,0.0050805416
2026-07-29 07:23:12.109,2026-07-29,7442.94,-6.5502476e+07,-2.967206e+08,0.005053041,0.005053041
2026-07-29 07:24:12.134,2026-07-29,7443.19,-6.5603404e+07,-2.9745818e+08,0.005060487,0.005060487
2026-07-29 07:25:12.154,2026-07-29,7442.69,-6.5607744e+07,-2.977582e+08,0.0050615016,0.0050615016
2026-07-29 07:26:12.181,2026-07-29,7442.94,-6.5819308e+07,-2.9899968e+08,0.005077482,0.005077482
2026-07-29 07:27:12.208,2026-07-29,7442.94,-6.6120452e+07,-3.0036768e+08,0.0051007136,0.0051007136
2026-07-29 07:28:12.231,2026-07-29,7444.19,-6.5892972e+07,-2.993343e+08,0.005081458,0.005081458
2026-07-29 07:29:12.26,2026-07-29,7443.94,-6.5546588e+07,-2.977608e+08,0.0050550858,0.0050550858
2026-07-29 07:30:12.285,2026-07-29,7442.44,-6.548116e+07,-2.969039e+08,0.0050520753,0.0050520753
2026-07-29 07:31:12.306,2026-07-29,7443.19,-6.5804936e+07,-2.9865315e+08,0.0050760326,0.0050760326
2026-07-29 07:32:12.331,2026-07-29,7440.69,-6.5620776e+07,-2.980978e+08,0.005065229,0.005065229
2026-07-29 07:33:12.357,2026-07-29,7439.69,-6.5838224e+07,-2.9992966e+08,0.00508338,0.00508338
2026-07-29 07:34:12.38,2026-07-29,7439.69,-6.6767748e+07,-3.050202e+08,0.0051551485,0.0051551485
2026-07-29 07:35:12.403,2026-07-29,7439.44,-6.676326e+07,-3.0499968e+08,0.0051551485,0.0051551485
2026-07-29 07:36:12.429,2026-07-29,7439.44,-6.676326e+07,-3.0499968e+08,0.0051551485,0.0051551485
2026-07-29 07:37:12.461,2026-07-29,7439.44,-6.7091644e+07,-3.0649984e+08,0.0051805046,0.0051805046
2026-07-29 07:38:12.486,2026-07-29,7438.44,-6.7073608e+07,-3.0756403e+08,0.0051805046,0.0051805046
2026-07-29 07:39:12.513,2026-07-29,7438.44,-6.721189e+07,-3.0848534e+08,0.005191185,0.005191185
2026-07-29 07:40:12.551,2026-07-29,7438.94,-6.722093e+07,-3.0852682e+08,0.005191185,0.005191185
2026-07-29 07:41:12.578,2026-07-29,7438.69,-6.721641e+07,-3.1051683e+08,0.005191185,0.005191185
2026-07-29 07:42:12.607,2026-07-29,7438.44,-6.8276536e+07,-3.1599782e+08,0.0052734143,0.0052734143
2026-07-29 07:43:12.636,2026-07-29,7439.44,-6.8294896e+07,-3.1608278e+08,0.0052734143,0.0052734143
2026-07-29 07:44:12.661,2026-07-29,7438.94,-6.8127696e+07,-3.1530893e+08,0.005261211,0.005261211
2026-07-29 07:45:12.688,2026-07-29,7438.69,-6.812311e+07,-3.1528774e+08,0.005261211,0.005261211
2026-07-29 07:46:12.713,2026-07-29,7437.94,-6.8109376e+07,-3.1522416e+08,0.005261211,0.005261211
2026-07-29 07:47:12.735,2026-07-29,7438.19,-6.8158256e+07,-3.154504e+08,0.0052646324,0.0052646324
2026-07-29 07:48:12.759,2026-07-29,7440.44,-6.8199496e+07,-3.147669e+08,0.0052646324,0.0052646324
2026-07-29 07:49:12.784,2026-07-29,7441.19,-6.762561e+07,-3.124072e+08,0.0052192793,0.0052192793
2026-07-29 07:50:12.814,2026-07-29,7440.94,-6.7621064e+07,-3.1469805e+08,0.0052192793,0.0052192793
2026-07-29 07:51:12.848,2026-07-29,7439.44,-6.759381e+07,-3.1457117e+08,0.0052192793,0.0052192793
2026-07-29 07:52:12.874,2026-07-29,7440.94,-6.786171e+07,-3.1581795e+08,0.005237853,0.005237853
2026-07-29 07:53:12.907,2026-07-29,7438.19,-6.781156e+07,-3.1558454e+08,0.005237853,0.005237853
2026-07-29 07:54:12.934,2026-07-29,7438.94,-6.8177664e+07,-3.1728835e+08,0.00526507,0.00526507
2026-07-29 07:55:12.956,2026-07-29,7437.69,-6.815475e+07,-3.1863805e+08,0.00526507,0.00526507
2026-07-29 07:56:12.983,2026-07-29,7439.19,-6.818225e+07,-3.187666e+08,0.00526507,0.00526507
2026-07-29 07:57:13.011,2026-07-29,7439.44,-6.750249e+07,-3.1558854e+08,0.0052122283,0.0052122283
2026-07-29 07:58:13.036,2026-07-29,7439.44,-6.750249e+07,-3.1616547e+08,0.0052122283,0.0052122283
2026-07-29 07:59:13.06,2026-07-29,7439.69,-6.728112e+07,-3.1512867e+08,0.0051947865,0.0051947865
2026-07-29 08:00:13.084,2026-07-29,7441.19,-6.7308256e+07,-3.155434e+08,0.0051947865,0.0051947865
2026-07-29 08:01:13.111,2026-07-29,7439.44,-6.72766e+07,-3.156825e+08,0.0051947865,0.0051947865
2026-07-29 08:02:13.145,2026-07-29,7439.69,-6.728112e+07,-3.157037e+08,0.0051947865,0.0051947865
2026-07-29 08:03:13.174,2026-07-29,7437.69,-6.714665e+07,-3.1507274e+08,0.005187192,0.005187192
2026-07-29 08:04:13.201,2026-07-29,7437.94,-6.715116e+07,-3.1509392e+08,0.005187192,0.005187192
2026-07-29 08:05:13.223,2026-07-29,7439.19,-6.781191e+07,-3.1819437e+08,0.0052364725,0.0052364725
2026-07-29 08:06:13.246,2026-07-29,7441.19,-6.7848376e+07,-3.1836547e+08,0.0052364725,0.0052364725
2026-07-29 08:07:13.272,2026-07-29,7437.19,-6.7775456e+07,-3.180233e+08,0.0052364725,0.0052364725
2026-07-29 08:08:13.299,2026-07-29,7434.94,-6.7084588e+07,-3.156416e+08,0.0051862323,0.0051862323
2026-07-29 08:09:13.324,2026-07-29,7434.94,-6.7084588e+07,-3.173617e+08,0.0051862323,0.0051862323
2026-07-29 08:10:13.352,2026-07-29,7434.69,-6.8264896e+07,-3.2382067e+08,0.0052778358,0.0052778358
2026-07-29 08:11:13.376,2026-07-29,7435.69,-6.8407784e+07,-3.2683718e+08,0.00528746,0.00528746
2026-07-29 08:12:13.406,2026-07-29,7436.94,-6.857536e+07,-3.2763782e+08,0.0052986313,0.0052986313
2026-07-29 08:13:13.43,2026-07-29,7435.94,-6.830995e+07,-3.281213e+08,0.0052795433,0.0052795433
2026-07-29 08:14:13.454,2026-07-29,7435.19,-6.842671e+07,-3.29267e+08,0.0052896347,0.0052896347
2026-07-29 08:15:13.48,2026-07-29,7432.69,-6.849039e+07,-3.2986614e+08,0.0052981195,0.0052981195
2026-07-29 08:16:13.506,2026-07-29,7426.69,-6.863587e+07,-3.3203338e+08,0.0053179557,0.0053179557
2026-07-29 08:17:13.535,2026-07-29,7417.94,-6.798581e+07,-3.364426e+08,0.0052800225,0.0052800225
2026-07-29 08:18:13.561,2026-07-29,7419.94,-6.802247e+07,-3.3749613e+08,0.0052800225,0.0052800225
2026-07-29 08:19:13.592,2026-07-29,7421.44,-6.9551624e+07,-3.4805536e+08,0.005396536,0.005396536
2026-07-29 08:20:13.618,2026-07-29,7421.19,-6.9546944e+07,-3.4951795e+08,0.005396536,0.005396536
2026-07-29 08:21:13.648,2026-07-29,7422.44,-6.95878e+07,-3.497233e+08,0.005397888,0.005397888
2026-07-29 08:22:13.678,2026-07-29,7417.69,-7.0086736e+07,-3.5163174e+08,0.005443555,0.005443555
2026-07-29 08:23:13.706,2026-07-29,7420.44,-7.013871e+07,-3.5009408e+08,0.005443555,0.005443555
2026-07-29 08:24:13.732,2026-07-29,7422.94,-7.0185984e+07,-3.5003008e+08,0.005443555,0.005443555
2026-07-29 08:25:13.755,2026-07-29,7419.94,-6.9603616e+07,-3.4801808e+08,0.0054027536,0.0054027536
2026-07-29 08:26:13.793,2026-07-29,7422.19,-6.9620816e+07,-3.4780653e+08,0.0054008123,0.0054008123
2026-07-29 08:27:13.845,2026-07-29,7422.19,-6.9620816e+07,-3.4780653e+08,0.0054008123,0.0054008123
2026-07-29 08:28:13.901,2026-07-29,7422.69,-6.949005e+07,-3.4715328e+08,0.0053899423,0.0053899423
2026-07-29 08:29:13.954,2026-07-29,7423.94,-7.037041e+07,-3.5155133e+08,0.005456389,0.005456389
2026-07-29 08:30:14.034,2026-07-29,7417.44,-7.016655e+07,-3.5083277e+08,0.0054501216,0.0054501216
2026-07-29 08:31:14.076,2026-07-29,7418.94,-7.0194936e+07,-3.5187462e+08,0.0054501216,0.0054501216
2026-07-29 08:32:14.127,2026-07-29,7420.44,-7.043245e+07,-3.5276422e+08,0.005466352,0.005466352
2026-07-29 08:33:14.169,2026-07-29,7419.69,-7.0423376e+07,-3.539226e+08,0.005466753,0.005466753
2026-07-29 08:34:14.209,2026-07-29,7419.69,-7.0423376e+07,-3.539226e+08,0.005466753,0.005466753
2026-07-29 08:35:14.245,2026-07-29,7422.69,-7.0720536e+07,-3.720384e+08,0.0054853843,0.0054853843
2026-07-29 08:36:14.285,2026-07-29,7421.94,-7.0648976e+07,-3.7196384e+08,0.005480941,0.005480941
2026-07-29 08:37:14.318,2026-07-29,7420.69,-7.1022056e+07,-3.760527e+08,0.005511741,0.005511741
2026-07-29 08:38:14.353,2026-07-29,7421.94,-7.1045984e+07,-3.7678662e+08,0.005511741,0.005511741
2026-07-29 08:39:14.388,2026-07-29,7422.19,-7.2044536e+07,-4.1564157e+08,0.005588832,0.005588832
2026-07-29 08:40:14.423,2026-07-29,7421.69,-7.203483e+07,-4.1127578e+08,0.005588832,0.005588832
2026-07-29 08:41:14.457,2026-07-29,7422.69,-7.182985e+07,-4.107194e+08,0.0055714273,0.0055714273
2026-07-29 08:42:14.498,2026-07-29,7425.19,-7.187825e+07,-4.113033e+08,0.0055714273,0.0055714273
2026-07-29 08:43:14.533,2026-07-29,7424.69,-7.168559e+07,-4.1050723e+08,0.005557243,0.005557243
2026-07-29 08:44:14.573,2026-07-29,7425.19,-7.169525e+07,-4.111753e+08,0.005557243,0.005557243
2026-07-29 08:45:14.609,2026-07-29,7426.19,-7.1733824e+07,-4.1200966e+08,0.0055587357,0.0055587357
2026-07-29 08:46:14.733,2026-07-29,7425.69,-7.172417e+07,-4.1226067e+08,0.0055587357,0.0055587357
2026-07-29 08:47:14.771,2026-07-29,7425.44,-7.1826776e+07,-4.1684086e+08,0.0055670626,0.0055670626
2026-07-29 08:48:14.808,2026-07-29,7425.69,-7.183161e+07,-4.1748288e+08,0.0055670626,0.0055670626
2026-07-29 08:49:14.846,2026-07-29,7426.94,-7.2000096e+07,-4.2307747e+08,0.0055782422,0.0055782422
2026-07-29 08:50:14.892,2026-07-29,7426.94,-7.204743e+07,-4.2366352e+08,0.00558191,0.00558191
2026-07-29 08:51:14.928,2026-07-29,7425.94,-7.202803e+07,-4.2324163e+08,0.00558191,0.00558191
2026-07-29 08:52:14.972,2026-07-29,7425.94,-7.189052e+07,-4.2181917e+08,0.005571253,0.005571253
2026-07-29 08:53:15.019,2026-07-29,7425.19,-7.227707e+07,-4.2470502e+08,0.005602341,0.005602341
2026-07-29 08:54:15.064,2026-07-29,7424.19,-7.225761e+07,-4.2520822e+08,0.005602341,0.005602341
2026-07-29 08:55:15.118,2026-07-29,7424.44,-7.221141e+07,-4.2709654e+08,0.005598382,0.005598382
2026-07-29 08:56:15.164,2026-07-29,7425.69,-7.223573e+07,-4.2754906e+08,0.005598382,0.005598382
2026-07-29 08:57:15.249,2026-07-29,7425.69,-7.216965e+07,-4.2777478e+08,0.005593261,0.005593261
2026-07-29 08:58:15.293,2026-07-29,7423.69,-7.2130776e+07,-4.2785264e+08,0.005593261,0.005593261
2026-07-29 08:59:46.009,2026-07-29,7423.69,-7.2140456e+07,-4.2852666e+08,0.005594012,0.005594012
2026-07-29 09:00:46.091,2026-07-29,7422.94,-7.183568e+07,-4.2671622e+08,0.005571504,0.005571504
2026-07-29 09:01:46.138,2026-07-29,7423.19,-7.184052e+07,-4.2735898e+08,0.005571504,0.005571504
2026-07-29 09:02:46.187,2026-07-29,7422.69,-7.183084e+07,-4.2760838e+08,0.005571504,0.005571504
2026-07-29 09:03:46.252,2026-07-29,7419.44,-7.181711e+07,-4.2967504e+08,0.00557532,0.00557532
2026-07-29 09:04:46.29,2026-07-29,7417.19,-7.177356e+07,-4.300279e+08,0.00557532,0.00557532
2026-07-29 09:05:46.331,2026-07-29,7417.44,-7.1700576e+07,-4.2989706e+08,0.0055692755,0.0055692755
2026-07-29 09:06:46.383,2026-07-29,7417.44,-7.1367984e+07,-4.279029e+08,0.0055434415,0.0055434415
2026-07-29 09:07:46.424,2026-07-29,7418.19,-7.1261384e+07,-4.2726378e+08,0.0055340426,0.0055340426
2026-07-29 09:08:46.473,2026-07-29,7418.19,-7.049792e+07,-4.2479514e+08,0.0054747527,0.0054747527
2026-07-29 09:09:46.522,2026-07-29,7417.94,-7.0261024e+07,-4.2336774e+08,0.005456724,0.005456724
2026-07-29 09:10:46.566,2026-07-29,7418.69,-7.027524e+07,-4.2495494e+08,0.005456724,0.005456724
2026-07-29 09:11:46.603,2026-07-29,7417.44,-7.0151704e+07,-4.2480755e+08,0.0054489686,0.0054489686
2026-07-29 09:12:46.649,2026-07-29,7416.19,-7.0355856e+07,-4.2664512e+08,0.005466668,0.005466668
2026-07-29 09:13:46.686,2026-07-29,7415.44,-7.0342016e+07,-4.2716243e+08,0.0054666987,0.0054666987
2026-07-29 09:14:46.722,2026-07-29,7414.94,-7.0189336e+07,-4.2623523e+08,0.0054555684,0.0054555684
2026-07-29 09:15:46.765,2026-07-29,7415.94,-7.020827e+07,-4.2755037e+08,0.0054555684,0.0054555684
2026-07-29 09:16:46.808,2026-07-29,7415.69,-7.0203536e+07,-4.311217e+08,0.0054555684,0.0054555684
2026-07-29 09:17:46.845,2026-07-29,7413.69,-7.016567e+07,-4.2998963e+08,0.0054555684,0.0054555684
2026-07-29 09:18:46.884,2026-07-29,7412.94,-7.072815e+07,-4.337389e+08,0.0055004153,0.0055004153
2026-07-29 09:19:46.928,2026-07-29,7414.19,-7.0552536e+07,-4.335664e+08,0.005484908,0.005484908
