candle_idx,date,pattern,c1_open,c1_close,c2_open,c2_close,c3_open,c3_close,pattern_high,pattern_low,next_high,next_low,outcome
0,2023-11-03,3-1-3 Bullish Reversal,5053.5,5072.5,5076.5,5074.25,5078.0,5091.5,5097.25,5052.25,5101.75,5069.0,Broke High
1,2023-11-06,1-3-2 Bullish Reversal,5076.5,5074.25,5078.0,5091.5,5096.25,5087.5,5101.75,5058.25,5103.5,5051.75,Broke Both
2,2023-11-07,1-1-3 Bearish Reversal,5078.0,5091.5,5096.25,5087.5,5103.0,5058.75,5103.5,5051.75,5129.5,5061.75,Broke High
3,2023-11-08,1-3-3 Bullish Reversal,5096.25,5087.5,5103.0,5058.75,5077.75,5118.5,5129.5,5051.75,5130.75,5101.25,Broke High
4,2023-11-09,3-3-1 Bullish Reversal,5103.0,5058.75,5077.75,5118.5,5109.5,5122.0,5130.75,5051.75,5218.25,5177.75,Broke High
5,2023-11-10,3-1-2 Bullish Reversal,5077.75,5118.5,5109.5,5122.0,5180.5,5208.5,5218.25,5061.75,5230.75,5204.75,Broke High
6,2023-11-13,1-3-1 Bullish Reversal,5109.5,5122.0,5180.5,5208.5,5217.75,5208.0,5230.75,5101.25,5223.5,5195.75,Broke None
7,2023-11-14,3-1-1 Bullish Reversal,5180.5,5208.5,5217.75,5208.0,5207.0,5222.5,5230.75,5177.75,5228.5,5206.75,Broke None
8,2023-11-15,2-3-1 Bullish Reversal,5217.75,5208.0,5207.0,5222.5,5216.25,5217.75,5230.75,5195.75,5265.0,5218.5,Broke High
9,2023-11-16,2-1-3 Bullish Reversal,5207.0,5222.5,5216.25,5217.75,5218.75,5255.25,5265.0,5195.75,5248.75,5230.75,Broke None
10,2023-11-17,1-3-1 Bullish Reversal,5216.25,5217.75,5218.75,5255.25,5244.0,5242.0,5265.0,5206.75,5274.5,5249.0,Broke High
11,2023-11-20,3-1-1 Bullish Reversal,5218.75,5255.25,5244.0,5242.0,5260.5,5259.75,5274.5,5218.5,5266.75,5261.5,Broke None
12,2023-11-21,3-1-1 Bullish Reversal,5244.0,5242.0,5260.5,5259.75,5264.25,5263.5,5274.5,5230.75,5265.0,5256.75,Broke None
13,2023-11-22,1-1-3 Bullish Reversal,5260.5,5259.75,5264.25,5263.5,5260.25,5262.25,5274.5,5249.0,5264.0,5249.5,Broke None
14,2023-11-23,2-3-1 Bearish Reversal,5264.25,5263.5,5260.25,5262.25,5255.5,5255.5,5266.75,5249.5,5271.25,5243.25,Broke Both
15,2023-11-24,1-1-3 Bearish Reversal,5260.25,5262.25,5255.5,5255.5,5249.25,5258.0,5271.25,5243.25,5291.0,5249.5,Broke High
16,2023-11-27,1-2-3 Bullish Reversal,5255.5,5255.5,5249.25,5258.0,5279.25,5257.0,5291.0,5243.25,5273.5,5238.75,Broke Low
17,2023-11-28,1-3-1 Bullish Reversal,5249.25,5258.0,5279.25,5257.0,5260.25,5265.75,5291.0,5238.75,5301.75,5256.5,Broke High
18,2023-11-29,2-1-3 Bullish Reversal,5279.25,5257.0,5260.25,5265.75,5262.75,5298.0,5301.75,5238.75,5273.75,5247.5,Broke None
19,2023-11-30,1-3-1 Bullish Reversal,5260.25,5265.75,5262.75,5298.0,5260.0,5266.5,5301.75,5238.75,5279.5,5252.25,Broke None
20,2023-12-01,3-1-1 Bearish Reversal,5262.75,5298.0,5260.0,5266.5,5256.0,5267.25,5301.75,5247.5,5291.25,5245.75,Broke Low
21,2023-12-04,1-1-3 Bearish Reversal,5260.0,5266.5,5256.0,5267.25,5291.25,5250.5,5291.25,5245.75,5290.25,5264.0,Broke None
22,2023-12-05,1-3-1 Bullish Reversal,5256.0,5267.25,5291.25,5250.5,5270.0,5279.75,5291.25,5245.75,5309.5,5272.5,Broke High
23,2023-12-06,3-1-2 Bullish Reversal,5291.25,5250.5,5270.0,5279.75,5275.25,5303.5,5309.5,5245.75,5323.0,5296.5,Broke High
24,2023-12-07,1-3-2 Bullish Reversal,5270.0,5279.75,5275.25,5303.5,5299.0,5320.5,5323.0,5264.0,5345.25,5305.75,Broke High
25,2023-12-08,3-1-3 Bullish Reversal,5275.25,5303.5,5299.0,5320.5,5316.25,5344.0,5345.25,5272.5,5407.75,5340.25,Broke High
26,2023-12-11,1-1-3 Bullish Reversal,5299.0,5320.5,5316.25,5344.0,5343.75,5402.0,5407.75,5296.5,5435.25,5389.75,Broke High
27,2023-12-12,2-3-1 Bullish Reversal,5316.25,5344.0,5343.75,5402.0,5422.5,5412.0,5435.25,5305.75,5423.0,5400.75,Broke None
28,2023-12-13,3-1-1 Bullish Reversal,5343.75,5402.0,5422.5,5412.0,5411.75,5413.0,5435.25,5340.25,5445.75,5423.75,Broke High
29,2023-12-14,3-1-3 Bullish Reversal,5422.5,5412.0,5411.75,5413.0,5425.5,5433.75,5445.75,5389.75,5465.0,5440.0,Broke High
30,2023-12-15,1-2-3 Bullish Reversal,5411.75,5413.0,5425.5,5433.75,5441.0,5461.75,5465.0,5400.75,5474.25,5386.75,Broke Both
31,2023-12-18,1-1-3 Bearish Reversal,5425.5,5433.75,5441.0,5461.75,5454.0,5396.75,5474.25,5386.75,5441.75,5399.0,Broke None
32,2023-12-19,1-3-1 Bearish Reversal,5441.0,5461.75,5454.0,5396.75,5424.75,5439.25,5474.25,5386.75,5465.25,5428.25,Broke None
33,2023-12-20,3-1-1 Bullish Reversal,5454.0,5396.75,5424.75,5439.25,5449.75,5442.75,5474.25,5386.75,5456.5,5443.75,Broke None
34,2023-12-21,3-1-2 Bullish Reversal,5424.75,5439.25,5449.75,5442.75,5443.75,5455.0,5465.25,5399.0,5478.0,5451.5,Broke High
35,2023-12-22,1-2-3 Bullish Reversal,5449.75,5442.75,5443.75,5455.0,5452.25,5470.5,5478.0,5428.25,5480.0,5460.0,Broke High
36,2023-12-25,1-3-1 Bullish Reversal,5443.75,5455.0,5452.25,5470.5,5465.5,5478.25,5480.0,5443.75,5483.25,5471.5,Broke High
37,2023-12-26,3-3-1 Bullish Reversal,5452.25,5470.5,5465.5,5478.25,5475.5,5477.0,5483.25,5451.5,5478.5,5440.25,Broke Low
38,2023-12-27,3-1-3 Bearish Reversal,5465.5,5478.25,5475.5,5477.0,5472.0,5456.25,5483.25,5440.25,5467.0,5459.25,Broke None
39,2023-12-28,1-3-1 Bearish Reversal,5475.5,5477.0,5472.0,5456.25,5461.5,5465.75,5483.25,5440.25,5441.0,5409.0,Broke Low
40,2023-12-29,3-1-1 Bearish Reversal,5472.0,5456.25,5461.5,5465.75,5427.0,5432.0,5478.5,5409.0,5415.25,5384.5,Broke Low
41,2024-01-01,1-1-3 Bearish Reversal,5461.5,5465.75,5427.0,5432.0,5407.75,5392.25,5467.0,5384.5,5410.0,5370.5,Broke Low
42,2024-01-02,1-3-1 Bearish Reversal,5427.0,5432.0,5407.75,5392.25,5383.0,5375.75,5441.0,5370.5,5403.75,5363.25,Broke Low
43,2024-01-03,3-1-1 Bearish Reversal,5407.75,5392.25,5383.0,5375.75,5373.75,5379.0,5415.25,5363.25,5446.75,5381.5,Broke High
44,2024-01-04,1-1-3 Bullish Reversal,5383.0,5375.75,5373.75,5379.0,5382.75,5441.5,5446.75,5363.25,5447.5,5411.0,Broke High
45,2024-01-05,1-3-1 Bullish Reversal,5373.75,5379.0,5382.75,5441.5,5416.5,5434.0,5447.5,5363.25,5472.0,5435.75,Broke High
46,2024-01-08,3-1-1 Bullish Reversal,5382.75,5441.5,5416.5,5434.0,5438.75,5463.75,5472.0,5381.5,5475.75,5416.25,Broke High
47,2024-01-09,1-3-1 Bullish Reversal,5416.5,5434.0,5438.75,5463.75,5470.5,5455.5,5475.75,5411.0,5480.0,5445.75,Broke High
48,2024-01-10,3-1-1 Bearish Reversal,5438.75,5463.75,5470.5,5455.5,5472.5,5454.75,5480.0,5416.25,5457.0,5452.5,Broke None
49,2024-01-11,3-3-1 Bullish Reversal,5470.5,5455.5,5472.5,5454.75,5455.0,5457.0,5480.0,5416.25,5459.25,5423.0,Broke None
50,2024-01-12,3-1-1 Bearish Reversal,5472.5,5454.75,5455.0,5457.0,5445.5,5442.5,5480.0,5423.0,5419.25,5389.75,Broke Low
51,2024-01-15,1-3-3 Bearish Reversal,5455.0,5457.0,5445.5,5442.5,5409.5,5412.75,5459.25,5389.75,5460.5,5413.5,Broke High
52,2024-01-16,1-1-3 Bullish Reversal,5445.5,5442.5,5409.5,5412.75,5429.5,5454.25,5460.5,5389.75,5517.75,5458.5,Broke High
53,2024-01-17,1-2-3 Bullish Reversal,5409.5,5412.75,5429.5,5454.25,5465.5,5513.25,5517.75,5389.75,5541.75,5517.0,Broke High
54,2024-01-18,2-3-1 Bullish Reversal,5429.5,5454.25,5465.5,5513.25,5529.25,5524.25,5541.75,5413.5,5545.5,5517.75,Broke High
55,2024-01-19,3-1-1 Bullish Reversal,5465.5,5513.25,5529.25,5524.25,5529.25,5544.5,5545.5,5458.5,5576.75,5532.5,Broke High
56,2024-01-22,1-2-3 Bullish Reversal,5529.25,5524.25,5529.25,5544.5,5567.0,5545.0,5576.75,5517.0,5570.0,5540.25,Broke None
57,2024-01-23,3-3-1 Bullish Reversal,5529.25,5544.5,5567.0,5545.0,5562.5,5562.5,5576.75,5517.75,5577.75,5551.0,Broke High
58,2024-01-24,3-1-1 Bullish Reversal,5567.0,5545.0,5562.5,5562.5,5561.75,5556.25,5577.75,5532.5,5599.5,5556.25,Broke High
59,2024-01-25,1-1-3 Bullish Reversal,5562.5,5562.5,5561.75,5556.25,5562.5,5593.75,5599.5,5540.25,5600.75,5576.5,Broke High
60,2024-01-26,1-3-1 Bullish Reversal,5561.75,5556.25,5562.5,5593.75,5589.75,5577.0,5600.75,5551.0,5574.0,5509.5,Broke Low
61,2024-01-29,2-1-3 Bearish Reversal,5562.5,5593.75,5589.75,5577.0,5569.5,5515.25,5600.75,5509.5,5607.25,5518.0,Broke High
62,2024-01-30,1-2-3 Bullish Reversal,5589.75,5577.0,5569.5,5515.25,5526.75,5602.5,5607.25,5509.5,5641.25,5572.5,Broke High
63,2024-01-31,2-3-1 Bullish Reversal,5569.5,5515.25,5526.75,5602.5,5576.5,5616.25,5641.25,5509.5,5621.0,5581.25,Broke None
64,2024-02-01,3-2-1 Bullish Reversal,5526.75,5602.5,5576.5,5616.25,5616.5,5603.75,5641.25,5518.0,5621.75,5598.5,Broke None
65,2024-02-02,3-1-1 Bearish Reversal,5576.5,5616.25,5616.5,5603.75,5613.5,5615.75,5641.25,5572.5,5663.5,5631.5,Broke High
66,2024-02-05,3-1-3 Bullish Reversal,5616.5,5603.75,5613.5,5615.75,5641.0,5659.0,5663.5,5581.25,5663.5,5648.5,Broke None
67,2024-02-06,1-3-1 Bullish Reversal,5613.5,5615.75,5641.0,5659.0,5656.75,5658.0,5663.5,5598.5,5692.0,5659.75,Broke High
68,2024-02-07,3-1-3 Bullish Reversal,5641.0,5659.0,5656.75,5658.0,5663.5,5685.5,5692.0,5631.5,5710.0,5675.0,Broke High
69,2024-02-08,1-3-1 Bullish Reversal,5656.75,5658.0,5663.5,5685.5,5686.5,5679.25,5710.0,5648.5,5631.75,5580.0,Broke Low
70,2024-02-09,3-1-1 Bearish Reversal,5663.5,5685.5,5686.5,5679.25,5618.5,5616.75,5710.0,5580.0,5666.0,5616.25,Broke None
71,2024-02-12,1-1-3 Bearish Reversal,5686.5,5679.25,5618.5,5616.75,5640.75,5661.0,5710.0,5580.0,5695.25,5657.25,Broke None
72,2024-02-13,1-2-3 Bullish Reversal,5618.5,5616.75,5640.75,5661.0,5662.5,5694.0,5695.25,5580.0,5698.0,5656.25,Broke High
73,2024-02-14,1-3-3 Bearish Reversal,5640.75,5661.0,5662.5,5694.0,5686.5,5658.0,5698.0,5616.25,5672.25,5666.5,Broke None
74,2024-02-15,3-3-1 Bearish Reversal,5662.5,5694.0,5686.5,5658.0,5669.25,5668.0,5698.0,5656.25,5652.75,5611.75,Broke Low
75,2024-02-16,3-1-2 Bearish Reversal,5686.5,5658.0,5669.25,5668.0,5645.25,5633.0,5698.0,5611.75,5664.0,5602.5,Broke Low
76,2024-02-19,1-1-3 Bearish Reversal,5669.25,5668.0,5645.25,5633.0,5621.5,5662.25,5672.25,5602.5,5751.25,5695.75,Broke High
77,2024-02-20,1-3-2 Bullish Reversal,5645.25,5633.0,5621.5,5662.25,5705.75,5736.75,5751.25,5602.5,5767.0,5736.0,Broke High
78,2024-02-21,3-2-1 Bullish Reversal,5621.5,5662.25,5705.75,5736.75,5757.75,5738.25,5767.0,5602.5,5751.5,5719.75,Broke None
79,2024-02-22,3-1-2 Bearish Reversal,5705.75,5736.75,5757.75,5738.25,5747.25,5721.0,5767.0,5695.75,5736.5,5710.5,Broke None
80,2024-02-23,3-3-1 Bearish Reversal,5757.75,5738.25,5747.25,5721.0,5730.0,5733.75,5767.0,5710.5,5731.25,5710.25,Broke Low
81,2024-02-26,3-1-1 Bearish Reversal,5747.25,5721.0,5730.0,5733.75,5715.75,5713.0,5751.5,5710.25,5758.0,5713.5,Broke High
82,2024-02-27,3-1-1 Bullish Reversal,5730.0,5733.75,5715.75,5713.0,5741.5,5744.25,5758.0,5710.25,5792.75,5744.75,Broke High
83,2024-02-28,1-1-3 Bullish Reversal,5715.75,5713.0,5741.5,5744.25,5749.25,5782.25,5792.75,5710.25,5801.25,5776.75,Broke High
84,2024-02-29,1-3-1 Bullish Reversal,5741.5,5744.25,5749.25,5782.25,5779.25,5777.75,5801.25,5713.5,5765.0,5706.5,Broke Low
85,2024-03-01,3-1-3 Bearish Reversal,5749.25,5782.25,5779.25,5777.75,5760.0,5734.75,5801.25,5706.5,5778.5,5741.25,Broke None
86,2024-03-04,1-3-1 Bearish Reversal,5779.25,5777.75,5760.0,5734.75,5762.75,5756.75,5801.25,5706.5,5815.25,5777.75,Broke High
87,2024-03-05,3-1-2 Bullish Reversal,5760.0,5734.75,5762.75,5756.75,5787.5,5802.25,5815.25,5706.5,5839.0,5767.0,Broke High
88,2024-03-06,1-1-3 Bullish Reversal,5762.75,5756.75,5787.5,5802.25,5810.75,5778.0,5839.0,5741.25,5773.5,5738.75,Broke Low
89,2024-03-07,1-3-1 Bearish Reversal,5787.5,5802.25,5810.75,5778.0,5759.25,5772.75,5839.0,5738.75,5828.5,5761.75,Broke None
90,2024-03-08,3-1-3 Bullish Reversal,5810.75,5778.0,5759.25,5772.75,5788.25,5820.75,5839.0,5738.75,5827.75,5799.25,Broke None
91,2024-03-11,1-3-1 Bullish Reversal,5759.25,5772.75,5788.25,5820.75,5825.0,5819.5,5828.5,5738.75,5823.25,5769.75,Broke None
92,2024-03-12,3-1-2 Bearish Reversal,5788.25,5820.75,5825.0,5819.5,5821.75,5799.5,5828.5,5761.75,5783.5,5749.5,Broke Low
93,2024-03-13,1-3-1 Bearish Reversal,5825.0,5819.5,5821.75,5799.5,5767.75,5765.0,5827.75,5749.5,5822.0,5792.0,Broke None
94,2024-03-14,3-1-2 Bearish Reversal,5821.75,5799.5,5767.75,5765.0,5807.25,5796.25,5823.25,5749.5,5826.5,5777.0,Broke High
95,2024-03-15,1-1-3 Bullish Reversal,5767.75,5765.0,5807.25,5796.25,5787.5,5821.25,5826.5,5749.5,5879.5,5814.75,Broke High
96,2024-03-18,1-2-3 Bullish Reversal,5807.25,5796.25,5787.5,5821.25,5822.75,5878.0,5879.5,5777.0,5904.5,5881.75,Broke High
97,2024-03-19,2-3-1 Bullish Reversal,5787.5,5821.25,5822.75,5878.0,5896.75,5889.25,5904.5,5777.0,5887.75,5869.5,Broke None
98,2024-03-20,3-1-1 Bearish Reversal,5822.75,5878.0,5896.75,5889.25,5883.0,5871.5,5904.5,5814.75,5870.5,5856.0,Broke None
99,2024-03-21,2-3-1 Bearish Reversal,5896.75,5889.25,5883.0,5871.5,5858.5,5862.5,5904.5,5856.0,5876.25,5844.75,Broke Low
100,2024-03-22,2-1-3 Bearish Reversal,5883.0,5871.5,5858.5,5862.5,5871.75,5854.25,5887.75,5844.75,5895.5,5852.5,Broke High
101,2024-03-25,1-3-3 Bullish Reversal,5858.5,5862.5,5871.75,5854.25,5874.75,5890.0,5895.5,5844.75,5902.75,5883.75,Broke High
102,2024-03-26,3-3-1 Bullish Reversal,5871.75,5854.25,5874.75,5890.0,5891.25,5886.0,5902.75,5844.75,5899.0,5864.0,Broke None
103,2024-03-27,3-1-3 Bearish Reversal,5874.75,5890.0,5891.25,5886.0,5893.25,5875.5,5902.75,5852.5,5845.0,5816.75,Broke Low
104,2024-03-28,1-3-1 Bearish Reversal,5891.25,5886.0,5893.25,5875.5,5835.0,5843.75,5902.75,5816.75,5862.5,5828.75,Broke None
105,2024-04-01,3-1-3 Bearish Reversal,5893.25,5875.5,5835.0,5843.75,5829.5,5850.75,5899.0,5816.75,5890.25,5774.25,Broke Low
106,2024-04-02,1-1-3 Bearish Reversal,5835.0,5843.75,5829.5,5850.75,5887.0,5778.75,5890.25,5774.25,5854.25,5788.5,Broke None
107,2024-04-03,1-3-1 Bearish Reversal,5829.5,5850.75,5887.0,5778.75,5792.75,5837.5,5890.25,5774.25,5850.5,5827.0,Broke None
108,2024-04-04,3-2-1 Bullish Reversal,5887.0,5778.75,5792.75,5837.5,5840.25,5838.75,5890.25,5774.25,5856.0,5790.0,Broke None
109,2024-04-05,3-1-1 Bullish Reversal,5792.75,5837.5,5840.25,5838.75,5853.5,5847.25,5856.0,5788.5,5808.25,5766.75,Broke Low
110,2024-04-08,1-3-2 Bearish Reversal,5840.25,5838.75,5853.5,5847.25,5781.5,5785.5,5856.0,5766.75,5839.25,5763.5,Broke Low
111,2024-04-09,1-1-3 Bearish Reversal,5853.5,5847.25,5781.5,5785.5,5800.5,5825.0,5856.0,5763.5,5800.5,5731.75,Broke Low
112,2024-04-10,1-2-3 Bearish Reversal,5781.5,5785.5,5800.5,5825.0,5786.0,5748.25,5839.25,5731.75,5794.75,5675.75,Broke Low
113,2024-04-11,1-1-3 Bearish Reversal,5800.5,5825.0,5786.0,5748.25,5793.0,5682.75,5839.25,5675.75,5705.0,5660.5,Broke Low
114,2024-04-12,1-3-1 Bearish Reversal,5786.0,5748.25,5793.0,5682.75,5688.75,5676.25,5800.5,5660.5,5700.75,5628.75,Broke Low
115,2024-04-15,3-1-2 Bearish Reversal,5793.0,5682.75,5688.75,5676.25,5699.25,5643.25,5794.75,5628.75,5677.0,5620.25,Broke Low
116,2024-04-16,1-3-1 Bearish Reversal,5688.75,5676.25,5699.25,5643.25,5655.5,5629.75,5705.0,5620.25,5639.75,5573.0,Broke Low
117,2024-04-17,3-1-2 Bearish Reversal,5699.25,5643.25,5655.5,5629.75,5629.0,5585.25,5700.75,5573.0,5658.5,5587.75,Broke None
118,2024-04-18,1-3-1 Bullish Reversal,5655.5,5629.75,5629.0,5585.25,5612.0,5630.75,5677.0,5573.0,5695.25,5645.5,Broke High
119,2024-04-19,3-1-3 Bullish Reversal,5629.0,5585.25,5612.0,5630.75,5651.25,5694.0,5695.25,5573.0,5706.5,5654.0,Broke High
120,2024-04-22,1-3-3 Bullish Reversal,5612.0,5630.75,5651.25,5694.0,5698.5,5661.5,5706.5,5587.75,5714.5,5604.0,Broke High
121,2024-04-23,1-1-3 Bullish Reversal,5651.25,5694.0,5698.5,5661.5,5621.25,5713.5,5714.5,5604.0,5728.25,5686.25,Broke High
122,2024-04-24,1-3-1 Bullish Reversal,5698.5,5661.5,5621.25,5713.5,5692.75,5713.5,5728.25,5604.0,5736.0,5700.5,Broke High
123,2024-04-25,3-1-1 Bullish Reversal,5621.25,5713.5,5692.75,5713.5,5729.0,5729.0,5736.0,5604.0,5723.0,5632.75,Broke None
124,2024-04-26,1-1-3 Bearish Reversal,5692.75,5713.5,5729.0,5729.0,5712.75,5636.75,5736.0,5632.75,5708.5,5624.0,Broke Low
125,2024-04-29,1-3-1 Bearish Reversal,5729.0,5729.0,5712.75,5636.75,5639.75,5635.5,5736.0,5624.0,5694.75,5618.0,Broke Low
126,2024-04-30,3-1-1 Bullish Reversal,5712.75,5636.75,5639.75,5635.5,5665.0,5692.75,5723.0,5618.0,5748.5,5708.5,Broke High
127,2024-05-01,1-3-1 Bullish Reversal,5639.75,5635.5,5665.0,5692.75,5735.0,5743.25,5748.5,5618.0,5789.5,5755.75,Broke High
128,2024-05-02,3-1-3 Bullish Reversal,5665.0,5692.75,5735.0,5743.25,5760.25,5787.0,5789.5,5618.0,5808.5,5787.25,Broke High
129,2024-05-03,1-3-1 Bullish Reversal,5735.0,5743.25,5760.25,5787.0,5798.0,5793.75,5808.5,5708.5,5799.0,5773.0,Broke None
130,2024-05-06,3-1-2 Bullish Reversal,5760.25,5787.0,5798.0,5793.75,5774.0,5791.75,5808.5,5755.75,5826.5,5786.0,Broke High
131,2024-05-07,1-2-3 Bullish Reversal,5798.0,5793.75,5774.0,5791.75,5793.0,5822.25,5826.5,5773.0,5845.75,5814.5,Broke High
132,2024-05-08,1-3-1 Bullish Reversal,5774.0,5791.75,5793.0,5822.25,5837.25,5823.25,5845.75,5773.0,5845.0,5815.0,Broke None
133,2024-05-09,3-1-1 Bullish Reversal,5793.0,5822.25,5837.25,5823.25,5843.75,5824.75,5845.75,5786.0,5856.0,5823.0,Broke High
134,2024-05-10,1-2-3 Bullish Reversal,5837.25,5823.25,5843.75,5824.75,5828.5,5850.75,5856.0,5814.5,5919.0,5868.5,Broke High
135,2024-05-13,1-1-3 Bullish Reversal,5843.75,5824.75,5828.5,5850.75,5875.25,5912.0,5919.0,5815.0,5930.75,5897.25,Broke High
136,2024-05-14,1-3-1 Bullish Reversal,5828.5,5850.75,5875.25,5912.0,5914.0,5898.0,5930.75,5823.0,5910.5,5887.5,Broke None
137,2024-05-15,3-1-1 Bearish Reversal,5875.25,5912.0,5914.0,5898.0,5902.5,5909.5,5930.75,5868.5,5930.0,5905.5,Broke None
138,2024-05-16,3-1-1 Bullish Reversal,5914.0,5898.0,5902.5,5909.5,5909.75,5913.5,5930.75,5887.5,5929.25,5904.25,Broke None
139,2024-05-17,1-1-3 Bullish Reversal,5902.5,5909.5,5909.75,5913.5,5906.25,5925.75,5930.0,5887.5,5928.75,5888.5,Broke None
140,2024-05-20,1-3-1 Bearish Reversal,5909.75,5913.5,5906.25,5925.75,5919.75,5912.75,5930.0,5888.5,5940.0,5855.25,Broke Both
141,2024-05-21,1-1-3 Bearish Reversal,5906.25,5925.75,5919.75,5912.75,5939.25,5868.25,5940.0,5855.25,5911.0,5876.5,Broke None
142,2024-05-22,1-3-1 Bearish Reversal,5919.75,5912.75,5939.25,5868.25,5886.25,5902.5,5940.0,5855.25,5916.5,5900.25,Broke None
143,2024-05-23,3-1-1 Bullish Reversal,5939.25,5868.25,5886.25,5902.5,5902.0,5915.75,5940.0,5855.25,5913.0,5878.5,Broke None
144,2024-05-24,3-3-1 Bullish Reversal,5886.25,5902.5,5902.0,5915.75,5910.25,5905.75,5916.5,5876.5,5880.0,5850.0,Broke Low
145,2024-05-27,3-1-3 Bearish Reversal,5902.0,5915.75,5910.25,5905.75,5863.75,5851.75,5916.5,5850.0,5858.75,5820.0,Broke Low
146,2024-05-28,1-2-3 Bearish Reversal,5910.25,5905.75,5863.75,5851.75,5851.5,5832.25,5913.0,5820.0,5888.75,5787.25,Broke Low
147,2024-05-29,1-1-3 Bullish Reversal,5863.75,5851.75,5851.5,5832.25,5839.5,5881.0,5888.75,5787.25,5895.0,5828.5,Broke High
148,2024-05-30,1-3-1 Bullish Reversal,5851.5,5832.25,5839.5,5881.0,5894.0,5882.25,5895.0,5787.25,5894.0,5851.25,Broke None
149,2024-05-31,3-1-1 Bullish Reversal,5839.5,5881.0,5894.0,5882.25,5867.0,5886.5,5895.0,5787.25,5950.0,5888.25,Broke High
150,2024-06-03,1-1-3 Bullish Reversal,5894.0,5882.25,5867.0,5886.5,5909.25,5947.5,5950.0,5828.5,5955.0,5927.0,Broke High
151,2024-06-04,2-3-1 Bullish Reversal,5867.0,5886.5,5909.25,5947.5,5951.0,5945.0,5955.0,5851.25,5967.25,5922.75,Broke High
152,2024-06-05,3-1-1 Bearish Reversal,5909.25,5947.5,5951.0,5945.0,5934.25,5935.25,5967.25,5888.25,5957.5,5922.75,Broke None
153,2024-06-06,1-1-3 Bullish Reversal,5951.0,5945.0,5934.25,5935.25,5929.0,5951.25,5967.25,5922.75,5968.0,5916.25,Broke Both
154,2024-06-07,1-3-3 Bullish Reversal,5934.25,5935.25,5929.0,5951.25,5937.25,5965.5,5968.0,5916.25,6036.25,5998.0,Broke High
155,2024-06-10,3-3-1 Bullish Reversal,5929.0,5951.25,5937.25,5965.5,6011.75,6020.25,6036.25,5916.25,6027.75,5990.0,Broke None
156,2024-06-11,3-1-1 Bullish Reversal,5937.25,5965.5,6011.75,6020.25,6026.5,6018.0,6036.25,5916.25,6020.25,5989.75,Broke None
157,2024-06-12,1-1-3 Bearish Reversal,6011.75,6020.25,6026.5,6018.0,6000.25,6017.25,6036.25,5989.75,6078.0,6006.75,Broke High
158,2024-06-13,1-1-3 Bullish Reversal,6026.5,6018.0,6000.25,6017.25,6012.0,6064.25,6078.0,5989.75,6079.75,6060.5,Broke High
159,2024-06-14,1-3-1 Bullish Reversal,6000.25,6017.25,6012.0,6064.25,6064.5,6079.0,6079.75,5989.75,6083.5,6077.0,Broke High
160,2024-06-17,3-1-1 Bullish Reversal,6012.0,6064.25,6064.5,6079.0,6082.75,6078.75,6083.5,6006.75,6093.75,6042.5,Broke High
161,2024-06-18,2-1-3 Bearish Reversal,6064.5,6079.0,6082.75,6078.75,6087.25,6061.0,6093.75,6042.5,6062.75,6036.0,Broke Low
162,2024-06-19,1-3-1 Bearish Reversal,6082.75,6078.75,6087.25,6061.0,6051.25,6053.5,6093.75,6036.0,6075.5,6027.25,Broke Low
163,2024-06-20,3-1-2 Bearish Reversal,6087.25,6061.0,6051.25,6053.5,6048.0,6032.75,6093.75,6027.25,6056.75,6028.75,Broke None
164,2024-06-21,1-3-2 Bearish Reversal,6051.25,6053.5,6048.0,6032.75,6044.25,6052.0,6075.5,6027.25,6066.0,6033.25,Broke None
165,2024-06-24,3-1-2 Bullish Reversal,6048.0,6032.75,6044.25,6052.0,6040.0,6050.5,6075.5,6027.25,6072.0,6047.0,Broke None
166,2024-06-25,1-3-3 Bullish Reversal,6044.25,6052.0,6040.0,6050.5,6055.75,6066.5,6072.0,6028.75,6102.0,6027.75,Broke Both
167,2024-06-26,1-1-3 Bearish Reversal,6040.0,6050.5,6055.75,6066.5,6069.75,6049.25,6102.0,6027.75,6056.5,6021.5,Broke Low
168,2024-06-27,2-3-1 Bearish Reversal,6055.75,6066.5,6069.75,6049.25,6054.0,6049.0,6102.0,6021.5,6086.75,6032.0,Broke None
169,2024-06-28,2-1-3 Bullish Reversal,6069.75,6049.25,6054.0,6049.0,6033.0,6079.75,6102.0,6021.5,6112.75,6080.75,Broke High
170,2024-07-01,1-3-2 Bullish Reversal,6054.0,6049.0,6033.0,6079.75,6081.25,6108.0,6112.75,6021.5,6112.5,6102.25,Broke None
171,2024-07-02,3-2-1 Bullish Reversal,6033.0,6079.75,6081.25,6108.0,6112.25,6105.5,6112.75,6032.0,6143.0,6102.5,Broke High
172,2024-07-03,3-1-3 Bullish Reversal,6081.25,6108.0,6112.25,6105.5,6109.25,6132.0,6143.0,6080.75,6154.5,6132.25,Broke High
173,2024-07-04,1-3-1 Bullish Reversal,6112.25,6105.5,6109.25,6132.0,6146.25,6145.5,6154.5,6102.25,6162.75,6145.25,Broke High
174,2024-07-05,3-1-1 Bullish Reversal,6109.25,6132.0,6146.25,6145.5,6153.0,6149.0,6162.75,6102.5,6207.5,6157.25,Broke High
175,2024-07-08,1-1-3 Bullish Reversal,6146.25,6145.5,6153.0,6149.0,6160.25,6201.5,6207.5,6132.25,6212.75,6147.0,Broke High
176,2024-07-09,1-3-3 Bullish Reversal,6153.0,6149.0,6160.25,6201.5,6203.5,6157.0,6212.75,6145.25,6225.25,6159.5,Broke High
177,2024-07-10,3-3-1 Bearish Reversal,6160.25,6201.5,6203.5,6157.0,6163.0,6184.5,6225.25,6147.0,6235.75,6183.0,Broke High
178,2024-07-11,3-2-1 Bullish Reversal,6203.5,6157.0,6163.0,6184.5,6207.25,6205.25,6235.75,6147.0,6238.25,6207.25,Broke High
179,2024-07-12,3-1-3 Bullish Reversal,6163.0,6184.5,6207.25,6205.25,6215.25,6232.5,6238.25,6159.5,6189.75,6148.75,Broke Low
180,2024-07-15,1-3-3 Bearish Reversal,6207.25,6205.25,6215.25,6232.5,6172.25,6160.0,6238.25,6148.75,6178.75,6087.25,Broke Low
181,2024-07-16,1-1-3 Bearish Reversal,6215.25,6232.5,6172.25,6160.0,6168.75,6117.0,6238.25,6087.25,6121.75,6059.0,Broke Low
182,2024-07-17,1-3-2 Bearish Reversal,6172.25,6160.0,6168.75,6117.0,6104.25,6069.75,6189.75,6059.0,6133.0,6089.75,Broke None
183,2024-07-18,3-2-1 Bullish Reversal,6168.75,6117.0,6104.25,6069.75,6110.5,6125.25,6178.75,6059.0,6146.75,6110.75,Broke None
184,2024-07-19,3-1-1 Bullish Reversal,6104.25,6069.75,6110.5,6125.25,6124.5,6119.25,6146.75,6059.0,6068.75,5979.0,Broke Low
185,2024-07-22,1-1-3 Bearish Reversal,6110.5,6125.25,6124.5,6119.25,6065.5,6000.25,6146.75,5979.0,6050.25,5949.5,Broke Low
186,2024-07-23,1-3-2 Bearish Reversal,6124.5,6119.25,6065.5,6000.25,5988.75,5961.75,6146.75,5949.5,6045.25,5987.0,Broke None
187,2024-07-24,3-1-1 Bullish Reversal,6065.5,6000.25,5988.75,5961.75,5995.5,6016.25,6068.75,5949.5,6042.25,5998.0,Broke None
188,2024-07-25,3-2-1 Bullish Reversal,5988.75,5961.75,5995.5,6016.25,6031.25,6021.5,6050.25,5949.5,6044.5,5950.0,Broke None
189,2024-07-26,1-1-3 Bearish Reversal,5995.5,6016.25,6031.25,6021.5,6033.25,5969.0,6045.25,5950.0,6105.5,6045.75,Broke High
190,2024-07-29,1-3-1 Bullish Reversal,6031.25,6021.5,6033.25,5969.0,6060.25,6087.25,6105.5,5950.0,6117.75,5961.75,Broke High
191,2024-07-30,2-1-3 Bullish Reversal,6033.25,5969.0,6060.25,6087.25,6095.0,5988.25,6117.75,5950.0,5934.25,5848.75,Broke Low
192,2024-07-31,1-3-1 Bearish Reversal,6060.25,6087.25,6095.0,5988.25,5921.5,5875.0,6117.75,5848.75,5796.5,5663.0,Broke Low
193,2024-08-01,3-1-3 Bearish Reversal,6095.0,5988.25,5921.5,5875.0,5676.5,5765.25,6117.75,5663.0,5859.0,5738.75,Broke None
194,2024-08-02,2-3-1 Bearish Reversal,5921.5,5875.0,5676.5,5765.25,5752.25,5766.0,5934.25,5663.0,5876.25,5713.75,Broke None
195,2024-08-05,3-1-3 Bearish Reversal,5676.5,5765.25,5752.25,5766.0,5844.75,5719.25,5876.25,5663.0,5878.0,5776.75,Broke High
196,2024-08-06,1-3-2 Bullish Reversal,5752.25,5766.0,5844.75,5719.25,5797.75,5870.0,5878.0,5713.75,5902.25,5841.75,Broke High
197,2024-08-07,3-2-1 Bullish Reversal,5844.75,5719.25,5797.75,5870.0,5854.5,5882.0,5902.25,5713.75,5913.75,5864.75,Broke High
198,2024-08-08,3-1-1 Bullish Reversal,5797.75,5870.0,5854.5,5882.0,5898.0,5884.75,5913.75,5776.75,5978.25,5918.5,Broke High
199,2024-08-09,2-1-3 Bullish Reversal,5854.5,5882.0,5898.0,5884.75,5920.5,5972.5,5978.25,5841.75,6004.75,5955.75,Broke High
200,2024-08-12,1-3-1 Bullish Reversal,5898.0,5884.75,5920.5,5972.5,5983.25,5998.5,6004.75,5864.75,6088.75,6043.25,Broke High
201,2024-08-13,3-1-2 Bullish Reversal,5920.5,5972.5,5983.25,5998.5,6049.5,6084.0,6088.75,5918.5,6103.25,6064.5,Broke High
202,2024-08-14,1-3-3 Bullish Reversal,5983.25,5998.5,6049.5,6084.0,6066.25,6097.25,6103.25,5955.75,6148.75,6090.5,Broke High
203,2024-08-15,1-1-3 Bullish Reversal,6049.5,6084.0,6066.25,6097.25,6099.25,6142.25,6148.75,6043.25,6160.75,6124.75,Broke High
204,2024-08-16,3-3-1 Bullish Reversal,6066.25,6097.25,6099.25,6142.25,6143.0,6137.0,6160.75,6064.5,6172.25,6130.5,Broke High
205,2024-08-19,3-1-1 Bullish Reversal,6099.25,6142.25,6143.0,6137.0,6148.25,6158.5,6172.25,6090.5,6182.25,6099.75,Broke High
206,2024-08-20,1-1-3 Bearish Reversal,6143.0,6137.0,6148.25,6158.5,6175.75,6115.5,6182.25,6099.75,6179.25,6120.0,Broke None
207,2024-08-21,1-3-1 Bullish Reversal,6148.25,6158.5,6175.75,6115.5,6143.0,6167.75,6182.25,6099.75,6186.0,6136.75,Broke High
208,2024-08-22,3-1-1 Bullish Reversal,6175.75,6115.5,6143.0,6167.75,6178.0,6146.5,6186.0,6099.75,6166.5,6128.5,Broke None
209,2024-08-23,2-3-1 Bearish Reversal,6143.0,6167.75,6178.0,6146.5,6140.25,6160.0,6186.0,6120.0,6161.5,6093.0,Broke Low
210,2024-08-26,2-1-3 Bearish Reversal,6178.0,6146.5,6140.25,6160.0,6157.0,6110.5,6186.0,6093.0,6180.75,6115.0,Broke None
211,2024-08-27,1-3-1 Bearish Reversal,6140.25,6160.0,6157.0,6110.5,6147.5,6135.0,6180.75,6093.0,6182.0,6111.25,Broke High
212,2024-08-28,3-1-2 Bullish Reversal,6157.0,6110.5,6147.5,6135.0,6148.25,6173.5,6182.0,6093.0,6184.0,6169.25,Broke High
213,2024-08-29,1-3-1 Bullish Reversal,6147.5,6135.0,6148.25,6173.5,6174.0,6182.0,6184.0,6111.25,6147.0,6033.75,Broke Low
214,2024-08-30,1-1-3 Bearish Reversal,6148.25,6173.5,6174.0,6182.0,6143.25,6055.5,6184.0,6033.75,6082.0,6032.0,Broke Low
215,2024-09-02,1-3-1 Bearish Reversal,6174.0,6182.0,6143.25,6055.5,6039.75,6044.25,6184.0,6032.0,6074.25,6007.0,Broke Low
216,2024-09-03,3-1-1 Bearish Reversal,6143.25,6055.5,6039.75,6044.25,6045.25,6028.5,6147.0,6007.0,6049.5,5911.0,Broke Low
217,2024-09-04,1-1-3 Bearish Reversal,6039.75,6044.25,6045.25,6028.5,6032.5,5920.75,6082.0,5911.0,6010.0,5959.5,Broke None
218,2024-09-05,1-3-1 Bearish Reversal,6045.25,6028.5,6032.5,5920.75,5979.25,6004.5,6074.25,5911.0,6023.0,5965.25,Broke None
219,2024-09-06,3-1-1 Bullish Reversal,6032.5,5920.75,5979.25,6004.5,6015.25,6016.5,6049.5,5911.0,6084.25,5927.25,Broke High
220,2024-09-09,2-1-3 Bullish Reversal,5979.25,6004.5,6015.25,6016.5,6017.75,6074.75,6084.25,5927.25,6124.25,6057.5,Broke High
221,2024-09-10,1-3-2 Bullish Reversal,6015.25,6016.5,6017.75,6074.75,6080.25,6113.25,6124.25,5927.25,6159.5,6122.5,Broke High
222,2024-09-11,3-2-1 Bullish Reversal,6017.75,6074.75,6080.25,6113.25,6125.25,6144.75,6159.5,5927.25,6160.0,6126.75,Broke High
223,2024-09-12,3-2-1 Bullish Reversal,6080.25,6113.25,6125.25,6144.75,6146.0,6152.0,6160.0,6057.5,6194.25,6135.0,Broke High
224,2024-09-13,3-1-3 Bullish Reversal,6125.25,6144.75,6146.0,6152.0,6179.25,6158.5,6194.25,6122.5,6213.0,6132.5,Broke High
225,2024-09-16,1-3-3 Bearish Reversal,6146.0,6152.0,6179.25,6158.5,6164.5,6147.0,6213.0,6126.75,6254.75,6205.5,Broke High
226,2024-09-17,3-3-1 Bullish Reversal,6179.25,6158.5,6164.5,6147.0,6235.5,6231.75,6254.75,6132.5,6232.25,6190.75,Broke None
227,2024-09-18,3-1-1 Bullish Reversal,6164.5,6147.0,6235.5,6231.75,6217.75,6215.5,6254.75,6132.5,6241.75,6218.25,Broke None
228,2024-09-19,3-2-1 Bullish Reversal,6235.5,6231.75,6217.75,6215.5,6231.75,6232.0,6254.75,6190.75,6251.5,6212.0,Broke None
229,2024-09-20,1-1-3 Bullish Reversal,6217.75,6215.5,6231.75,6232.0,6241.5,6250.0,6251.5,6190.75,6256.0,6225.25,Broke High
230,2024-09-23,1-3-3 Bullish Reversal,6231.75,6232.0,6241.5,6250.0,6247.75,6240.5,6256.0,6212.0,6284.5,6235.5,Broke High
231,2024-09-24,1-1-3 Bullish Reversal,6241.5,6250.0,6247.75,6240.5,6281.5,6261.0,6284.5,6212.0,6278.75,6239.25,Broke None
232,2024-09-25,1-3-3 Bullish Reversal,6247.75,6240.5,6281.5,6261.0,6268.75,6243.0,6284.5,6225.25,6277.5,6213.5,Broke Low
233,2024-09-26,1-3-3 Bullish Reversal,6281.5,6261.0,6268.75,6243.0,6237.5,6263.5,6284.5,6213.5,6266.75,6190.25,Broke Low
234,2024-09-27,1-1-3 Bearish Reversal,6268.75,6243.0,6237.5,6263.5,6265.75,6215.5,6278.75,6190.25,6230.5,6181.25,Broke Low
235,2024-09-30,1-3-1 Bearish Reversal,6237.5,6263.5,6265.75,6215.5,6207.0,6227.25,6277.5,6181.25,6227.25,6183.0,Broke None
236,2024-10-01,3-2-1 Bearish Reversal,6265.75,6215.5,6207.0,6227.25,6201.75,6201.25,6266.75,6181.25,6262.0,6206.75,Broke None
237,2024-10-02,3-1-1 Bullish Reversal,6207.0,6227.25,6201.75,6201.25,6250.75,6252.75,6262.0,6181.25,6246.0,6191.5,Broke None
238,2024-10-03,1-1-3 Bullish Reversal,6201.75,6201.25,6250.75,6252.75,6239.0,6207.25,6262.0,6183.0,6264.0,6221.0,Broke High
239,2024-10-04,1-3-3 Bullish Reversal,6250.75,6252.75,6239.0,6207.25,6229.75,6255.5,6264.0,6191.5,6303.75,6251.0,Broke High
240,2024-10-07,2-1-3 Bullish Reversal,6239.0,6207.25,6229.75,6255.5,6256.75,6293.75,6303.75,6191.5,6300.5,6268.75,Broke None
241,2024-10-08,2-3-1 Bullish Reversal,6229.75,6255.5,6256.75,6293.75,6282.75,6288.25,6303.75,6221.0,6325.5,6280.5,Broke High
242,2024-10-09,3-1-3 Bullish Reversal,6256.75,6293.75,6282.75,6288.25,6281.75,6310.5,6325.5,6251.0,6375.75,6330.25,Broke High
243,2024-10-10,1-3-3 Bullish Reversal,6282.75,6288.25,6281.75,6310.5,6333.75,6371.0,6375.75,6268.75,6371.25,6307.25,Broke None
244,2024-10-11,1-2-3 Bullish Reversal,6281.75,6310.5,6333.75,6371.0,6368.25,6318.0,6375.75,6280.5,6350.0,6310.5,Broke None
245,2024-10-14,2-3-1 Bearish Reversal,6333.75,6371.0,6368.25,6318.0,6319.0,6341.0,6375.75,6307.25,6382.25,6342.0,Broke High
246,2024-10-15,3-1-2 Bullish Reversal,6368.25,6318.0,6319.0,6341.0,6380.25,6344.75,6382.25,6307.25,6372.75,6343.75,Broke None
247,2024-10-16,2-3-1 Bullish Reversal,6319.0,6341.0,6380.25,6344.75,6358.75,6364.75,6382.25,6310.5,6365.75,6322.25,Broke None
248,2024-10-17,3-1-1 Bullish Reversal,6380.25,6344.75,6358.75,6364.75,6355.75,6356.0,6382.25,6322.25,6361.5,6319.5,Broke Low
249,2024-10-18,1-1-3 Bearish Reversal,6358.75,6364.75,6355.75,6356.0,6326.5,6344.25,6372.75,6319.5,6332.0,6258.25,Broke Low
250,2024-10-21,1-2-3 Bearish Reversal,6355.75,6356.0,6326.5,6344.25,6327.5,6299.25,6365.75,6258.25,6315.0,6279.75,Broke None
251,2024-10-22,2-3-1 Bearish Reversal,6326.5,6344.25,6327.5,6299.25,6314.25,6310.0,6361.5,6258.25,6358.0,6292.25,Broke None
252,2024-10-23,3-1-3 Bearish Reversal,6327.5,6299.25,6314.25,6310.0,6327.25,6298.75,6358.0,6258.25,6338.0,6316.75,Broke None
253,2024-10-24,1-3-2 Bullish Reversal,6314.25,6310.0,6327.25,6298.75,6337.25,6321.5,6358.0,6279.75,6341.0,6294.75,Broke None
254,2024-10-25,3-1-3 Bullish Reversal,6327.25,6298.75,6337.25,6321.5,6309.25,6335.25,6358.0,6292.25,6344.0,6297.5,Broke None
255,2024-10-28,1-3-2 Bearish Reversal,6337.25,6321.5,6309.25,6335.25,6323.5,6302.5,6344.0,6294.75,6264.5,6190.5,Broke Low
256,2024-10-29,1-1-3 Bearish Reversal,6309.25,6335.25,6323.5,6302.5,6264.5,6195.75,6344.0,6190.5,6261.0,6209.75,Broke None
257,2024-10-30,1-3-1 Bearish Reversal,6323.5,6302.5,6264.5,6195.75,6218.0,6216.5,6344.0,6190.5,6228.75,6181.5,Broke Low
258,2024-10-31,3-1-1 Bullish Reversal,6264.5,6195.75,6218.0,6216.5,6215.0,6206.25,6264.5,6181.5,6280.5,6207.75,Broke High
259,2024-11-01,1-1-3 Bullish Reversal,6218.0,6216.5,6215.0,6206.25,6210.25,6279.5,6280.5,6181.5,6424.25,6358.0,Broke High
260,2024-11-04,1-3-1 Bullish Reversal,6215.0,6206.25,6210.25,6279.5,6396.5,6423.5,6424.25,6181.5,6470.25,6433.25,Broke High
261,2024-11-05,3-1-1 Bullish Reversal,6210.25,6279.5,6396.5,6423.5,6434.25,6463.75,6470.25,6207.75,6497.75,6461.75,Broke High
262,2024-11-06,3-3-1 Bullish Reversal,6396.5,6423.5,6434.25,6463.75,6461.75,6480.75,6497.75,6358.0,6502.5,6470.75,Broke High
263,2024-11-07,3-2-1 Bullish Reversal,6434.25,6463.75,6461.75,6480.75,6499.25,6485.75,6502.5,6433.25,6493.75,6444.0,Broke None
264,2024-11-08,3-1-3 Bearish Reversal,6461.75,6480.75,6499.25,6485.75,6487.75,6469.5,6502.5,6444.0,6492.5,6449.0,Broke None
265,2024-11-11,3-3-1 Bearish Reversal,6499.25,6485.75,6487.75,6469.5,6473.0,6475.5,6502.5,6444.0,6477.75,6421.5,Broke Low
266,2024-11-12,2-1-3 Bearish Reversal,6487.75,6469.5,6473.0,6475.5,6472.5,6431.5,6493.75,6421.5,6399.0,6334.0,Broke Low
267,2024-11-13,1-3-3 Bearish Reversal,6473.0,6475.5,6472.5,6431.5,6394.0,6357.25,6492.5,6334.0,6390.25,6348.5,Broke None
268,2024-11-14,3-3-1 Bearish Reversal,6472.5,6431.5,6394.0,6357.25,6357.5,6376.0,6477.75,6334.0,6404.75,6333.5,Broke Low
269,2024-11-15,2-1-3 Bullish Reversal,6394.0,6357.25,6357.5,6376.0,6341.0,6394.75,6404.75,6333.5,6401.5,6337.25,Broke None
270,2024-11-18,1-3-1 Bullish Reversal,6357.5,6376.0,6341.0,6394.75,6395.75,6397.0,6404.75,6333.5,6442.25,6364.5,Broke High
271,2024-11-19,3-1-1 Bullish Reversal,6341.0,6394.75,6395.75,6397.0,6425.0,6423.75,6442.25,6333.5,6450.75,6420.0,Broke High
272,2024-11-20,1-1-3 Bullish Reversal,6395.75,6397.0,6425.0,6423.75,6425.5,6448.25,6450.75,6337.25,6497.25,6439.75,Broke High
273,2024-11-21,1-3-2 Bullish Reversal,6425.0,6423.75,6425.5,6448.25,6484.0,6470.0,6497.25,6364.5,6501.25,6468.5,Broke High
274,2024-11-22,3-1-3 Bullish Reversal,6425.5,6448.25,6484.0,6470.0,6475.75,6498.75,6501.25,6420.0,6494.25,6457.5,Broke None
275,2024-11-25,1-3-2 Bullish Reversal,6484.0,6470.0,6475.75,6498.75,6490.5,6472.75,6501.25,6439.75,6489.75,6482.0,Broke None
276,2024-11-26,3-3-1 Bearish Reversal,6475.75,6498.75,6490.5,6472.75,6482.25,6487.0,6501.25,6457.5,6517.25,6476.25,Broke High
277,2024-11-27,2-1-3 Bullish Reversal,6490.5,6472.75,6482.25,6487.0,6478.75,6508.75,6517.25,6457.5,6525.75,6507.0,Broke High
278,2024-11-28,1-3-1 Bullish Reversal,6482.25,6487.0,6478.75,6508.75,6512.5,6520.25,6525.75,6476.25,6528.0,6504.75,Broke High
279,2024-11-29,3-1-1 Bullish Reversal,6478.75,6508.75,6512.5,6520.25,6515.75,6524.0,6528.0,6476.25,6559.5,6529.75,Broke High
280,2024-12-02,1-1-3 Bullish Reversal,6512.5,6520.25,6515.75,6524.0,6537.25,6552.75,6559.5,6504.75,6564.5,6538.75,Broke High
281,2024-12-03,1-3-2 Bullish Reversal,6515.75,6524.0,6537.25,6552.75,6555.75,6543.0,6564.5,6504.75,6568.25,6547.25,Broke High
282,2024-12-04,3-3-1 Bullish Reversal,6537.25,6552.75,6555.75,6543.0,6551.75,6554.0,6568.25,6529.75,6555.0,6517.25,Broke Low
283,2024-12-05,2-1-3 Bearish Reversal,6555.75,6543.0,6551.75,6554.0,6553.25,6520.5,6568.25,6517.25,6532.5,6497.0,Broke Low
284,2024-12-06,1-3-2 Bearish Reversal,6551.75,6554.0,6553.25,6520.5,6529.0,6510.0,6568.25,6497.0,6560.25,6530.5,Broke None
285,2024-12-09,3-2-1 Bullish Reversal,6553.25,6520.5,6529.0,6510.0,6533.75,6544.5,6560.25,6497.0,6545.5,6513.0,Broke None
286,2024-12-10,2-1-3 Bullish Reversal,6529.0,6510.0,6533.75,6544.5,6540.5,6516.0,6560.25,6497.0,6543.75,6501.0,Broke None
287,2024-12-11,1-3-3 Bearish Reversal,6533.75,6544.5,6540.5,6516.0,6535.5,6512.0,6560.25,6501.0,6554.25,6527.0,Broke None
288,2024-12-12,3-3-1 Bullish Reversal,6540.5,6516.0,6535.5,6512.0,6534.5,6540.25,6554.25,6501.0,6528.75,6504.75,Broke None
289,2024-12-13,3-1-1 Bullish Reversal,6535.5,6512.0,6534.5,6540.25,6518.0,6516.25,6554.25,6501.0,6538.5,6297.0,Broke Low
290,2024-12-16,1-1-3 Bearish Reversal,6534.5,6540.25,6518.0,6516.25,6514.5,6330.0,6554.25,6297.0,6395.75,6321.75,Broke None
291,2024-12-17,1-3-1 Bearish Reversal,6518.0,6516.25,6514.5,6330.0,6379.25,6331.75,6538.5,6297.0,6441.25,6288.75,Broke Low
292,2024-12-18,3-1-1 Bullish Reversal,6514.5,6330.0,6379.25,6331.75,6297.75,6387.0,6538.5,6288.75,6433.5,6355.5,Broke None
293,2024-12-19,1-3-1 Bullish Reversal,6379.25,6331.75,6297.75,6387.0,6389.25,6426.5,6441.25,6288.75,6490.0,6432.75,Broke High
294,2024-12-20,3-1-1 Bullish Reversal,6297.75,6387.0,6389.25,6426.5,6438.5,6489.5,6490.0,6288.75,6495.5,6485.25,Broke High
295,2024-12-23,3-3-1 Bullish Reversal,6389.25,6426.5,6438.5,6489.5,6489.75,6493.25,6495.5,6355.5,6498.0,6453.75,Broke High
296,2024-12-24,3-1-1 Bearish Reversal,6438.5,6489.5,6489.75,6493.25,6469.75,6482.0,6498.0,6432.75,6446.0,6373.25,Broke Low
297,2024-12-25,1-2-3 Bearish Reversal,6489.75,6493.25,6469.75,6482.0,6443.0,6419.75,6498.0,6373.25,6383.75,6308.75,Broke Low
298,2024-12-26,2-3-1 Bearish Reversal,6469.75,6482.0,6443.0,6419.75,6345.75,6344.75,6498.0,6308.75,6370.75,6307.75,Broke Low
299,2024-12-27,3-1-3 Bearish Reversal,6443.0,6419.75,6345.75,6344.75,6363.0,6328.75,6446.0,6307.75,6356.0,6301.25,Broke Low
300,2024-12-30,1-3-2 Bullish Reversal,6345.75,6344.75,6363.0,6328.75,6339.75,6354.25,6383.75,6301.25,6375.5,6265.25,Broke Low
301,2024-12-31,2-1-3 Bearish Reversal,6363.0,6328.75,6339.75,6354.25,6358.25,6310.5,6375.5,6265.25,6387.25,6324.5,Broke High
302,2025-01-01,1-3-3 Bullish Reversal,6339.75,6354.25,6358.25,6310.5,6335.5,6375.75,6387.25,6265.25,6458.75,6394.5,Broke High
303,2025-01-02,3-3-1 Bullish Reversal,6358.25,6310.5,6335.5,6375.75,6423.25,6418.75,6458.75,6265.25,6436.0,6325.5,Broke None
304,2025-01-03,2-1-3 Bearish Reversal,6335.5,6375.75,6423.25,6418.75,6432.5,6345.25,6458.75,6324.5,6362.25,6307.5,Broke Low
305,2025-01-06,1-3-1 Bearish Reversal,6423.25,6418.75,6432.5,6345.25,6344.5,6345.25,6458.75,6307.5,6312.25,6235.75,Broke Low
306,2025-01-07,3-1-3 Bearish Reversal,6432.5,6345.25,6344.5,6345.25,6311.25,6252.0,6436.0,6235.75,6273.75,6203.5,Broke Low
307,2025-01-08,1-3-3 Bearish Reversal,6344.5,6345.25,6311.25,6252.0,6208.0,6272.25,6362.25,6203.5,6300.25,6233.0,Broke None
308,2025-01-10,3-3-1 Bullish Reversal,6311.25,6252.0,6208.0,6272.25,6293.25,6282.0,6312.25,6203.5,6391.75,6343.0,Broke High
309,2025-01-13,3-1-1 Bullish Reversal,6208.0,6272.25,6293.25,6282.0,6355.25,6378.25,6391.75,6203.5,6394.75,6352.25,Broke High
310,2025-01-14,1-2-3 Bullish Reversal,6293.25,6282.0,6355.25,6378.25,6392.25,6360.0,6394.75,6233.0,6442.0,6403.25,Broke High
311,2025-01-15,2-3-1 Bullish Reversal,6355.25,6378.25,6392.25,6360.0,6417.25,6423.0,6442.0,6343.0,6468.75,6427.0,Broke High
312,2025-01-16,3-1-1 Bullish Reversal,6392.25,6360.0,6417.25,6423.0,6454.75,6445.75,6468.75,6352.25,6483.75,6434.0,Broke High
313,2025-01-17,1-1-3 Bullish Reversal,6417.25,6423.0,6454.75,6445.75,6454.25,6482.25,6483.75,6403.25,6526.25,6501.75,Broke High
314,2025-01-20,1-3-1 Bullish Reversal,6454.75,6445.75,6454.25,6482.25,6506.75,6510.75,6526.25,6427.0,6544.5,6501.75,Broke High
315,2025-01-21,3-1-3 Bullish Reversal,6454.25,6482.25,6506.75,6510.75,6504.0,6539.0,6544.5,6434.0,6552.75,6512.5,Broke High
316,2025-01-22,1-3-2 Bullish Reversal,6506.75,6510.75,6504.0,6539.0,6542.5,6522.5,6552.75,6501.75,6447.0,6387.25,Broke Low
317,2025-01-23,2-1-3 Bearish Reversal,6504.0,6539.0,6542.5,6522.5,6388.5,6440.75,6552.75,6387.25,6496.0,6414.0,Broke None
318,2025-01-24,1-3-2 Bearish Reversal,6542.5,6522.5,6388.5,6440.75,6448.0,6481.75,6552.75,6387.25,6481.75,6432.75,Broke None
319,2025-01-27,3-2-1 Bullish Reversal,6388.5,6440.75,6448.0,6481.75,6477.75,6467.0,6496.0,6387.25,6506.75,6447.0,Broke High
320,2025-01-28,3-1-1 Bullish Reversal,6448.0,6481.75,6477.75,6467.0,6480.0,6483.75,6506.75,6414.0,6538.25,6448.25,Broke High
321,2025-01-29,1-1-3 Bearish Reversal,6477.75,6467.0,6480.0,6483.75,6513.0,6456.0,6538.25,6432.75,6452.5,6340.75,Broke Low
322,2025-01-30,1-3-3 Bearish Reversal,6480.0,6483.75,6513.0,6456.0,6363.0,6446.0,6538.25,6340.75,6459.25,6408.5,Broke None
323,2025-01-31,2-3-1 Bearish Reversal,6513.0,6456.0,6363.0,6446.0,6414.0,6436.25,6538.25,6340.75,6482.5,6420.0,Broke None
324,2025-02-03,3-1-1 Bullish Reversal,6363.0,6446.0,6414.0,6436.25,6441.5,6480.5,6482.5,6340.75,6499.0,6460.5,Broke High
325,2025-02-04,2-3-1 Bullish Reversal,6414.0,6436.25,6441.5,6480.5,6494.25,6484.75,6499.0,6408.5,6513.75,6431.75,Broke High
326,2025-02-05,2-1-3 Bearish Reversal,6441.5,6480.5,6494.25,6484.75,6501.0,6440.5,6513.75,6420.0,6486.5,6458.25,Broke None
327,2025-02-06,1-3-1 Bearish Reversal,6494.25,6484.75,6501.0,6440.5,6471.25,6478.25,6513.75,6431.75,6489.25,6454.5,Broke None
328,2025-02-07,3-1-2 Bullish Reversal,6501.0,6440.5,6471.25,6478.25,6455.5,6481.0,6513.75,6431.75,6475.25,6414.25,Broke Low
329,2025-02-10,1-2-3 Bearish Reversal,6471.25,6478.25,6455.5,6481.0,6421.25,6470.25,6489.25,6414.25,6528.5,6460.75,Broke High
330,2025-02-11,1-3-3 Bullish Reversal,6455.5,6481.0,6421.25,6470.25,6474.0,6522.75,6528.5,6414.25,6535.75,6516.25,Broke High
331,2025-02-12,3-3-1 Bullish Reversal,6421.25,6470.25,6474.0,6522.75,6525.0,6524.5,6535.75,6414.25,6537.5,6526.75,Broke High
332,2025-02-13,3-1-1 Bullish Reversal,6474.0,6522.75,6525.0,6524.5,6534.25,6536.5,6537.5,6460.75,6540.0,6508.75,Broke High
333,2025-02-14,1-3-2 Bullish Reversal,6525.0,6524.5,6534.25,6536.5,6533.75,6535.25,6540.0,6508.75,6557.0,6519.75,Broke High
334,2025-02-17,1-1-3 Bullish Reversal,6534.25,6536.5,6533.75,6535.25,6524.75,6545.5,6557.0,6508.75,6540.5,6493.25,Broke Low
335,2025-02-18,1-3-3 Bearish Reversal,6533.75,6535.25,6524.75,6545.5,6539.0,6523.5,6557.0,6493.25,6523.5,6415.0,Broke Low
336,2025-02-19,1-1-3 Bearish Reversal,6524.75,6545.5,6539.0,6523.5,6523.0,6420.25,6557.0,6415.0,6450.5,6385.0,Broke Low
337,2025-02-20,1-3-2 Bearish Reversal,6539.0,6523.5,6523.0,6420.25,6440.5,6396.0,6540.5,6385.0,6398.25,6314.5,Broke Low
338,2025-02-21,3-1-1 Bearish Reversal,6523.0,6420.25,6440.5,6396.0,6391.0,6370.25,6523.5,6314.5,6414.25,6336.0,Broke None
339,2025-02-24,3-2-1 Bearish Reversal,6440.5,6396.0,6391.0,6370.25,6377.5,6380.75,6450.5,6314.5,6397.75,6263.5,Broke Low
340,2025-02-25,1-1-3 Bearish Reversal,6391.0,6370.25,6377.5,6380.75,6386.0,6271.5,6414.25,6263.5,6361.5,6238.5,Broke Low
341,2025-02-26,1-3-3 Bearish Reversal,6377.5,6380.75,6386.0,6271.5,6270.25,6348.5,6414.25,6238.5,6387.5,6212.25,Broke Low
342,2025-02-27,3-1-3 Bearish Reversal,6386.0,6271.5,6270.25,6348.5,6375.25,6265.5,6397.75,6212.25,6266.25,6134.5,Broke Low
343,2025-02-28,3-3-1 Bearish Reversal,6270.25,6348.5,6375.25,6265.5,6209.5,6215.5,6387.5,6134.5,6260.0,6141.25,Broke None
344,2025-03-03,3-1-2 Bearish Reversal,6375.25,6265.5,6209.5,6215.5,6178.25,6236.0,6387.5,6134.5,6211.75,6110.5,Broke Low
345,2025-03-04,1-3-1 Bearish Reversal,6209.5,6215.5,6178.25,6236.0,6164.25,6151.75,6266.25,6110.5,6181.5,6063.5,Broke Low
346,2025-03-05,3-1-3 Bearish Reversal,6178.25,6236.0,6164.25,6151.75,6116.75,6162.25,6260.0,6063.5,6101.75,5962.0,Broke Low
347,2025-03-06,1-2-3 Bearish Reversal,6164.25,6151.75,6116.75,6162.25,6081.75,6019.25,6211.75,5962.0,6034.25,5924.5,Broke Low
348,2025-03-07,2-3-1 Bearish Reversal,6116.75,6162.25,6081.75,6019.25,5999.5,5967.25,6181.5,5924.5,6036.0,5940.75,Broke None
349,2025-03-10,3-1-1 Bearish Reversal,6081.75,6019.25,5999.5,5967.25,6027.5,5987.75,6101.75,5924.5,5994.0,5898.75,Broke Low
350,2025-03-11,1-1-3 Bearish Reversal,5999.5,5967.25,6027.5,5987.75,5989.0,5927.25,6036.0,5898.75,6039.75,5957.0,Broke High
351,2025-03-12,1-3-3 Bullish Reversal,6027.5,5987.75,5989.0,5927.25,5962.25,6020.0,6039.75,5898.75,6098.75,6024.25,Broke High
352,2025-03-13,3-3-1 Bullish Reversal,5989.0,5927.25,5962.25,6020.0,6028.25,6070.75,6098.75,5898.75,6050.25,5989.75,Broke None
353,2025-03-14,3-1-1 Bearish Reversal,5962.25,6020.0,6028.25,6070.75,6047.75,6008.75,6098.75,5957.0,6109.5,6014.75,Broke High
354,2025-03-17,3-1-3 Bearish Reversal,6028.25,6070.75,6047.75,6008.75,6026.75,6068.75,6109.5,5989.75,6104.25,6023.5,Broke None
355,2025-03-18,3-3-1 Bullish Reversal,6047.75,6008.75,6026.75,6068.75,6030.75,6055.5,6109.5,5989.75,6061.25,5991.25,Broke None
356,2025-03-19,2-1-3 Bearish Reversal,6026.75,6068.75,6030.75,6055.5,6002.75,6059.0,6109.5,5991.25,6164.5,6115.0,Broke High
357,2025-03-20,1-3-1 Bullish Reversal,6030.75,6055.5,6002.75,6059.0,6121.5,6152.0,6164.5,5991.25,6176.25,6148.5,Broke High
358,2025-03-21,3-2-1 Bullish Reversal,6002.75,6059.0,6121.5,6152.0,6165.0,6171.0,6176.25,5991.25,6173.5,6082.0,Broke None
359,2025-03-24,2-1-3 Bearish Reversal,6121.5,6152.0,6165.0,6171.0,6163.0,6093.75,6176.25,6082.0,6118.75,6059.0,Broke Low
360,2025-03-25,1-3-1 Bearish Reversal,6165.0,6171.0,6163.0,6093.75,6081.75,6080.25,6176.25,6059.0,6070.25,5941.25,Broke Low
361,2025-03-26,2-1-3 Bearish Reversal,6163.0,6093.75,6081.75,6080.25,6062.5,5941.5,6173.5,5941.25,6011.75,5872.75,Broke Low
362,2025-03-27,1-3-3 Bearish Reversal,6081.75,6080.25,6062.5,5941.5,5902.5,5983.5,6118.75,5872.75,6033.75,5939.25,Broke None
363,2025-03-28,3-2-1 Bullish Reversal,6062.5,5941.5,5902.5,5983.5,5977.75,6011.25,6070.25,5872.75,6112.25,5905.25,Broke High
364,2025-03-31,3-1-1 Bearish Reversal,5902.5,5983.5,5977.75,6011.25,5952.0,5923.5,6112.25,5872.75,5879.5,5754.25,Broke Low
365,2025-04-01,1-1-3 Bearish Reversal,5977.75,6011.25,5952.0,5923.5,5851.0,5760.0,6112.25,5754.25,5653.5,5413.0,Broke Low
366,2025-04-02,1-2-3 Bearish Reversal,5952.0,5923.5,5851.0,5760.0,5631.0,5435.75,6112.25,5413.0,5625.5,5206.0,Broke Low
367,2025-04-03,1-3-3 Bearish Reversal,5851.0,5760.0,5631.0,5435.75,5281.5,5457.0,5879.5,5206.0,5644.25,5279.5,Broke None
368,2025-04-04,1-1-3 Bearish Reversal,5631.0,5435.75,5281.5,5457.0,5611.0,5351.25,5653.5,5206.0,5859.0,5319.0,Broke High
369,2025-04-07,1-1-3 Bullish Reversal,5281.5,5457.0,5611.0,5351.25,5322.0,5852.5,5859.0,5206.0,5728.0,5485.75,Broke None
370,2025-04-08,2-3-1 Bullish Reversal,5611.0,5351.25,5322.0,5852.5,5714.5,5643.5,5859.0,5279.5,5757.25,5590.5,Broke None
371,2025-04-09,3-1-1 Bearish Reversal,5322.0,5852.5,5714.5,5643.5,5620.25,5734.75,5859.0,5319.0,5835.5,5730.0,Broke None
372,2025-04-10,1-3-1 Bullish Reversal,5714.5,5643.5,5620.25,5734.75,5832.25,5771.25,5835.5,5485.75,5824.0,5758.5,Broke None
373,2025-04-11,3-2-1 Bullish Reversal,5620.25,5734.75,5832.25,5771.25,5788.25,5764.5,5835.5,5590.5,5740.0,5590.0,Broke Low
374,2025-04-14,3-1-3 Bearish Reversal,5832.25,5771.25,5788.25,5764.5,5706.25,5638.5,5835.5,5590.0,5698.5,5624.5,Broke None
375,2025-04-15,1-3-1 Bearish Reversal,5788.25,5764.5,5706.25,5638.5,5661.75,5665.5,5824.0,5590.0,5601.5,5466.25,Broke Low
376,2025-04-16,3-1-3 Bearish Reversal,5706.25,5638.5,5661.75,5665.5,5596.5,5523.0,5740.0,5466.25,5678.25,5575.0,Broke None
377,2025-04-17,1-3-3 Bearish Reversal,5661.75,5665.5,5596.5,5523.0,5584.5,5653.5,5698.5,5466.25,5838.75,5722.75,Broke High
378,2025-04-21,3-3-1 Bullish Reversal,5596.5,5523.0,5584.5,5653.5,5789.0,5752.0,5838.75,5466.25,5880.5,5737.5,Broke High
379,2025-04-22,2-1-3 Bullish Reversal,5584.5,5653.5,5789.0,5752.0,5750.75,5858.75,5880.5,5575.0,5901.25,5819.25,Broke High
380,2025-04-23,1-3-1 Bullish Reversal,5789.0,5752.0,5750.75,5858.75,5849.5,5891.5,5901.25,5722.75,5917.75,5831.0,Broke High
381,2025-04-24,3-1-1 Bullish Reversal,5750.75,5858.75,5849.5,5891.5,5896.0,5884.5,5917.75,5737.5,5936.25,5866.75,Broke High
382,2025-04-25,3-1-3 Bullish Reversal,5849.5,5891.5,5896.0,5884.5,5870.0,5921.75,5936.25,5819.25,5965.25,5794.5,Broke Both
383,2025-04-28,1-2-3 Bullish Reversal,5896.0,5884.5,5870.0,5921.75,5855.25,5958.25,5965.25,5794.5,6021.5,5940.75,Broke High
384,2025-04-29,1-3-1 Bullish Reversal,5870.0,5921.75,5855.25,5958.25,5984.0,5950.75,6021.5,5794.5,6063.75,6002.0,Broke High
385,2025-04-30,3-1-1 Bullish Reversal,5855.25,5958.25,5984.0,5950.75,6025.5,6049.5,6063.75,5794.5,6045.25,5994.25,Broke None
386,2025-05-01,3-2-1 Bullish Reversal,5984.0,5950.75,6025.5,6049.5,6003.25,6010.25,6063.75,5940.75,6010.75,5944.0,Broke None
387,2025-05-02,3-1-1 Bearish Reversal,6025.5,6049.5,6003.25,6010.25,5955.5,5954.0,6063.75,5944.0,6014.0,5935.0,Broke Low
388,2025-05-05,3-1-3 Bearish Reversal,6003.25,6010.25,5955.5,5954.0,5977.5,5984.75,6045.25,5935.0,6080.0,5992.0,Broke High
389,2025-05-06,1-3-2 Bullish Reversal,5955.5,5954.0,5977.5,5984.75,6027.75,6023.5,6080.0,5935.0,6049.0,6001.5,Broke None
390,2025-05-07,1-1-3 Bullish Reversal,5977.5,5984.75,6027.75,6023.5,6038.75,6023.0,6080.0,5935.0,6215.25,6144.75,Broke High
391,2025-05-08,1-3-3 Bullish Reversal,6027.75,6023.5,6038.75,6023.0,6189.25,6207.25,6215.25,5992.0,6266.0,6202.5,Broke High
392,2025-05-09,1-1-3 Bullish Reversal,6038.75,6023.0,6189.25,6207.25,6208.75,6239.75,6266.0,6001.5,6264.0,6229.0,Broke None
393,2025-05-12,2-3-1 Bullish Reversal,6189.25,6207.25,6208.75,6239.75,6252.25,6245.0,6266.0,6144.75,6283.5,6223.5,Broke High
394,2025-05-13,2-1-3 Bullish Reversal,6208.75,6239.75,6252.25,6245.0,6228.0,6273.0,6283.5,6202.5,6316.5,6263.75,Broke High
395,2025-05-14,1-3-1 Bullish Reversal,6252.25,6245.0,6228.0,6273.0,6283.5,6287.5,6316.5,6223.5,6326.5,6251.25,Broke High
396,2025-05-15,2-1-3 Bullish Reversal,6228.0,6273.0,6283.5,6287.5,6251.25,6319.5,6326.5,6223.5,6310.0,6265.75,Broke None
397,2025-05-16,1-3-1 Bullish Reversal,6283.5,6287.5,6251.25,6319.5,6301.0,6293.0,6326.5,6251.25,6295.25,6186.75,Broke Low
398,2025-05-19,3-1-3 Bearish Reversal,6251.25,6319.5,6301.0,6293.0,6253.5,6197.75,6326.5,6186.75,6234.0,6181.75,Broke Low
399,2025-05-20,1-3-1 Bearish Reversal,6301.0,6293.0,6253.5,6197.75,6194.5,6207.0,6310.0,6181.75,6182.75,6119.5,Broke Low
400,2025-05-21,3-1-2 Bearish Reversal,6253.5,6197.75,6194.5,6207.0,6123.0,6153.75,6295.25,6119.5,6232.0,6210.0,Broke None
401,2025-05-22,1-3-1 Bullish Reversal,6194.5,6207.0,6123.0,6153.75,6222.5,6230.0,6234.0,6119.5,6280.75,6207.25,Broke High
402,2025-05-23,2-1-3 Bullish Reversal,6123.0,6153.75,6222.5,6230.0,6225.25,6279.25,6280.75,6119.5,6291.5,6229.0,Broke High
403,2025-05-26,1-3-1 Bullish Reversal,6222.5,6230.0,6225.25,6279.25,6279.25,6264.5,6291.5,6207.25,6295.25,6223.0,Broke High
404,2025-05-27,3-1-2 Bearish Reversal,6225.25,6279.25,6279.25,6264.5,6294.0,6256.25,6295.25,6207.25,6271.75,6192.25,Broke Low
405,2025-05-28,2-3-1 Bearish Reversal,6279.25,6264.5,6294.0,6256.25,6249.5,6252.75,6295.25,6192.25,6294.5,6209.5,Broke None
406,2025-05-29,3-1-3 Bullish Reversal,6294.0,6256.25,6249.5,6252.75,6236.5,6288.25,6295.25,6192.25,6330.25,6277.25,Broke High
407,2025-05-30,1-3-3 Bullish Reversal,6249.5,6252.75,6236.5,6288.25,6282.5,6319.25,6330.25,6192.25,6338.0,6313.25,Broke High
408,2025-06-02,3-2-1 Bullish Reversal,6236.5,6288.25,6282.5,6319.25,6328.25,6315.75,6338.0,6209.5,6348.0,6267.75,Broke High
409,2025-06-03,2-1-3 Bearish Reversal,6282.5,6319.25,6328.25,6315.75,6334.0,6278.75,6348.0,6267.75,6364.0,6323.5,Broke High
410,2025-06-04,1-3-1 Bullish Reversal,6328.25,6315.75,6334.0,6278.75,6341.75,6349.0,6364.0,6267.75,6366.75,6339.0,Broke High
411,2025-06-05,3-1-1 Bullish Reversal,6334.0,6278.75,6341.75,6349.0,6351.5,6351.0,6366.75,6267.75,6388.5,6344.0,Broke High
412,2025-06-06,1-1-3 Bullish Reversal,6341.75,6349.0,6351.5,6351.0,6355.25,6379.5,6388.5,6323.5,6404.0,6345.25,Broke High
413,2025-06-09,1-3-3 Bullish Reversal,6351.5,6351.0,6355.25,6379.5,6394.5,6367.0,6404.0,6339.0,6390.75,6347.25,Broke None
414,2025-06-10,1-3-3 Bullish Reversal,6355.25,6379.5,6394.5,6367.0,6352.5,6381.25,6404.0,6344.0,6368.0,6302.75,Broke Low
415,2025-06-11,3-3-1 Bearish Reversal,6394.5,6367.0,6352.5,6381.25,6334.0,6315.5,6404.0,6302.75,6394.5,6351.75,Broke None
416,2025-06-12,3-1-2 Bearish Reversal,6352.5,6381.25,6334.0,6315.5,6352.75,6376.5,6394.5,6302.75,6366.75,6315.75,Broke None
417,2025-06-13,1-2-3 Bullish Reversal,6334.0,6315.5,6352.75,6376.5,6350.5,6323.25,6394.5,6302.75,6359.25,6311.75,Broke None
418,2025-06-16,3-3-1 Bearish Reversal,6352.75,6376.5,6350.5,6323.25,6330.5,6321.5,6394.5,6311.75,6284.75,6255.0,Broke Low
419,2025-06-17,3-1-2 Bearish Reversal,6350.5,6323.25,6330.5,6321.5,6284.5,6263.75,6366.75,6255.0,6356.5,6288.75,Broke None
420,2025-06-18,1-2-3 Bearish Reversal,6330.5,6321.5,6284.5,6263.75,6346.0,6310.5,6359.25,6255.0,6367.0,6278.75,Broke High
421,2025-06-19,1-2-3 Bullish Reversal,6284.5,6263.75,6346.0,6310.5,6310.5,6363.0,6367.0,6255.0,6440.75,6394.5,Broke High
422,2025-06-20,2-3-1 Bullish Reversal,6346.0,6310.5,6310.5,6363.0,6404.0,6429.0,6440.75,6278.75,6445.75,6416.25,Broke High
423,2025-06-23,3-2-1 Bullish Reversal,6310.5,6363.0,6404.0,6429.0,6440.5,6431.5,6445.75,6278.75,6485.5,6444.75,Broke High
424,2025-06-24,3-1-3 Bullish Reversal,6404.0,6429.0,6440.5,6431.5,6451.0,6481.25,6485.5,6394.5,6524.5,6468.75,Broke High
425,2025-06-25,1-3-2 Bullish Reversal,6440.5,6431.5,6451.0,6481.25,6489.75,6506.25,6524.5,6416.25,6551.0,6509.75,Broke High
426,2025-06-26,3-2-1 Bullish Reversal,6451.0,6481.25,6489.75,6506.25,6533.75,6530.75,6551.0,6444.75,6547.0,6513.0,Broke None
427,2025-06-27,3-1-3 Bullish Reversal,6489.75,6506.25,6533.75,6530.75,6520.75,6533.75,6551.0,6468.75,6565.0,6523.75,Broke High
428,2025-06-30,1-2-3 Bullish Reversal,6533.75,6530.75,6520.75,6533.75,6530.5,6562.5,6565.0,6509.75,6618.75,6578.25,Broke High
429,2025-07-01,1-3-3 Bullish Reversal,6520.75,6533.75,6530.5,6562.5,6578.5,6609.0,6618.75,6513.0,6578.25,6564.75,Broke None
430,2025-07-02,3-3-1 Bullish Reversal,6530.5,6562.5,6578.5,6609.0,6570.0,6569.0,6618.75,6523.75,6595.25,6531.75,Broke None
431,2025-07-03,3-1-3 Bearish Reversal,6578.5,6609.0,6570.0,6569.0,6587.5,6548.75,6618.75,6531.75,6574.25,6548.0,Broke None
432,2025-07-04,1-3-1 Bearish Reversal,6570.0,6569.0,6587.5,6548.75,6566.5,6557.25,6595.25,6531.75,6600.75,6561.5,Broke High
433,2025-07-07,3-1-1 Bullish Reversal,6587.5,6548.75,6566.5,6557.25,6580.75,6591.75,6600.75,6531.75,6621.0,6581.5,Broke High
434,2025-07-08,1-2-3 Bullish Reversal,6566.5,6557.25,6580.75,6591.75,6593.25,6607.0,6621.0,6548.0,6598.25,6564.0,Broke None
435,2025-07-09,3-3-1 Bearish Reversal,6580.75,6591.75,6593.25,6607.0,6576.0,6579.75,6621.0,6561.5,6600.5,6566.0,Broke None
436,2025-07-10,3-1-3 Bearish Reversal,6593.25,6607.0,6576.0,6579.75,6580.0,6595.0,6621.0,6564.0,6627.25,6558.0,Broke Both
437,2025-07-11,1-1-3 Bearish Reversal,6576.0,6579.75,6580.0,6595.0,6623.5,6559.25,6627.25,6558.0,6594.25,6526.5,Broke Low
438,2025-07-14,1-3-1 Bearish Reversal,6580.0,6595.0,6623.5,6559.25,6584.0,6584.5,6627.25,6526.5,6631.0,6587.5,Broke High
439,2025-07-15,3-1-2 Bullish Reversal,6623.5,6559.25,6584.0,6584.5,6590.0,6627.75,6631.0,6526.5,6639.0,6608.75,Broke High
440,2025-07-16,1-3-2 Bullish Reversal,6584.0,6584.5,6590.0,6627.75,6637.5,6620.75,6639.0,6526.5,6659.5,6626.5,Broke High
441,2025-07-17,3-2-1 Bullish Reversal,6590.0,6627.75,6637.5,6620.75,6630.75,6634.0,6659.5,6587.5,6639.25,6604.25,Broke None
442,2025-07-18,3-1-1 Bullish Reversal,6637.5,6620.75,6630.75,6634.0,6633.5,6632.75,6659.5,6604.25,6692.75,6639.0,Broke High
443,2025-07-21,1-1-3 Bullish Reversal,6630.75,6634.0,6633.5,6632.75,6658.25,6691.25,6692.75,6604.25,6703.75,6681.75,Broke High
444,2025-07-22,1-3-1 Bullish Reversal,6633.5,6632.75,6658.25,6691.25,6687.5,6692.0,6703.75,6604.25,6716.5,6688.0,Broke High
445,2025-07-23,3-1-2 Bullish Reversal,6658.25,6691.25,6687.5,6692.0,6690.5,6713.75,6716.5,6639.0,6719.75,6694.25,Broke High
446,2025-07-24,1-3-1 Bullish Reversal,6687.5,6692.0,6690.5,6713.75,6714.5,6710.0,6719.75,6681.75,6725.5,6681.75,Broke High
447,2025-07-25,2-1-3 Bearish Reversal,6690.5,6713.75,6714.5,6710.0,6722.5,6689.0,6725.5,6681.75,6720.75,6652.25,Broke Low
448,2025-07-28,1-3-1 Bullish Reversal,6714.5,6710.0,6722.5,6689.0,6697.5,6711.0,6725.5,6652.25,6736.5,6643.0,Broke Both
449,2025-07-29,1-1-3 Bearish Reversal,6722.5,6689.0,6697.5,6711.0,6732.25,6654.25,6736.5,6643.0,6597.0,6525.0,Broke Low
450,2025-07-30,1-3-2 Bearish Reversal,6697.5,6711.0,6732.25,6654.25,6596.5,6548.75,6736.5,6525.0,6655.5,6587.5,Broke None
451,2025-07-31,3-1-2 Bullish Reversal,6732.25,6654.25,6596.5,6548.75,6588.75,6655.0,6736.5,6525.0,6657.25,6601.0,Broke None
452,2025-08-01,1-3-1 Bullish Reversal,6596.5,6548.75,6588.75,6655.0,6649.25,6610.0,6657.25,6525.0,6665.0,6611.25,Broke High
453,2025-08-04,3-1-1 Bullish Reversal,6588.75,6655.0,6649.25,6610.0,6620.5,6656.25,6665.0,6587.5,6700.0,6620.0,Broke High
454,2025-08-05,3-2-1 Bullish Reversal,6649.25,6610.0,6620.5,6656.25,6692.75,6659.25,6700.0,6601.0,6711.25,6665.25,Broke High
455,2025-08-06,1-1-3 Bullish Reversal,6620.5,6656.25,6692.75,6659.25,6668.5,6710.75,6711.25,6611.25,6717.0,6673.0,Broke High
456,2025-08-07,2-3-1 Bullish Reversal,6692.75,6659.25,6668.5,6710.75,6701.75,6682.0,6717.0,6620.0,6755.5,6694.0,Broke High
457,2025-08-08,3-1-3 Bullish Reversal,6668.5,6710.75,6701.75,6682.0,6709.25,6754.0,6755.5,6665.25,6788.0,6752.25,Broke High
458,2025-08-11,2-3-1 Bullish Reversal,6701.75,6682.0,6709.25,6754.0,6775.0,6769.5,6788.0,6673.0,6781.5,6748.25,Broke None
459,2025-08-12,3-1-2 Bullish Reversal,6709.25,6754.0,6775.0,6769.5,6753.0,6775.25,6788.0,6694.0,6783.5,6747.0,Broke None
460,2025-08-13,1-3-3 Bearish Reversal,6775.0,6769.5,6753.0,6775.25,6782.25,6752.75,6788.0,6747.0,6760.75,6742.75,Broke Low
461,2025-08-14,3-3-1 Bearish Reversal,6753.0,6775.25,6782.25,6752.75,6750.0,6752.5,6783.5,6742.75,6761.75,6704.75,Broke Low
462,2025-08-15,3-1-3 Bearish Reversal,6782.25,6752.75,6750.0,6752.5,6751.75,6720.5,6783.5,6704.75,6716.25,6648.25,Broke Low
463,2025-08-18,1-3-2 Bearish Reversal,6750.0,6752.5,6751.75,6720.5,6713.5,6700.0,6761.75,6648.25,6697.75,6655.75,Broke None
464,2025-08-19,3-2-1 Bearish Reversal,6751.75,6720.5,6713.5,6700.0,6680.75,6676.25,6761.75,6648.25,6781.75,6688.0,Broke High
465,2025-08-20,1-1-3 Bullish Reversal,6713.5,6700.0,6680.75,6676.25,6693.25,6770.25,6781.75,6648.25,6768.25,6738.5,Broke None
466,2025-08-21,1-3-1 Bullish Reversal,6680.75,6676.25,6693.25,6770.25,6755.5,6745.0,6781.75,6655.75,6773.0,6730.0,Broke None
467,2025-08-22,3-1-2 Bullish Reversal,6693.25,6770.25,6755.5,6745.0,6736.25,6772.5,6781.75,6688.0,6791.0,6744.75,Broke High
468,2025-08-25,1-3-1 Bullish Reversal,6755.5,6745.0,6736.25,6772.5,6759.5,6770.75,6791.0,6730.0,6808.5,6766.25,Broke High
469,2025-08-26,3-1-1 Bullish Reversal,6736.25,6772.5,6759.5,6770.75,6785.5,6801.75,6808.5,6730.0,6788.25,6741.0,Broke None
470,2025-08-27,1-2-3 Bearish Reversal,6759.5,6770.75,6785.5,6801.75,6784.5,6759.5,6808.5,6741.0,6769.5,6753.25,Broke None
471,2025-08-28,2-3-1 Bearish Reversal,6785.5,6801.75,6784.5,6759.5,6759.5,6768.5,6808.5,6741.0,6733.0,6657.25,Broke Low
472,2025-08-29,2-1-3 Bearish Reversal,6784.5,6759.5,6759.5,6768.5,6683.75,6732.75,6788.25,6657.25,6749.75,6712.0,Broke None
473,2025-09-01,1-3-1 Bearish Reversal,6759.5,6768.5,6683.75,6732.75,6734.25,6746.0,6769.5,6657.25,6802.25,6741.75,Broke High
474,2025-09-02,3-1-3 Bullish Reversal,6683.75,6732.75,6734.25,6746.0,6751.25,6798.0,6802.25,6657.25,6827.25,6737.5,Broke High
475,2025-09-03,1-3-3 Bullish Reversal,6734.25,6746.0,6751.25,6798.0,6819.0,6774.25,6827.25,6712.0,6802.0,6775.75,Broke None
476,2025-09-04,3-3-1 Bearish Reversal,6751.25,6798.0,6819.0,6774.25,6790.0,6792.5,6827.25,6737.5,6821.75,6774.75,Broke None
477,2025-09-05,3-1-2 Bullish Reversal,6819.0,6774.25,6790.0,6792.5,6792.75,6815.75,6827.25,6737.5,6849.0,6807.75,Broke High
478,2025-09-08,1-3-3 Bullish Reversal,6790.0,6792.5,6792.75,6815.75,6838.75,6822.25,6849.0,6774.75,6885.25,6837.0,Broke High
479,2025-09-09,2-1-3 Bullish Reversal,6792.75,6815.75,6838.75,6822.25,6843.0,6877.0,6885.25,6774.75,6893.25,6869.75,Broke High
480,2025-09-10,2-3-1 Bullish Reversal,6838.75,6822.25,6843.0,6877.0,6875.5,6875.75,6893.25,6807.75,6911.75,6893.75,Broke High
481,2025-09-11,3-1-1 Bullish Reversal,6843.0,6877.0,6875.5,6875.75,6897.25,6904.75,6911.75,6837.0,6918.75,6891.75,Broke High
482,2025-09-12,1-2-3 Bullish Reversal,6875.5,6875.75,6897.25,6904.75,6915.5,6900.25,6918.75,6869.75,6917.0,6841.5,Broke Low
483,2025-09-15,2-3-1 Bearish Reversal,6897.25,6904.75,6915.5,6900.25,6899.5,6896.25,6918.75,6841.5,6948.5,6900.75,Broke High
484,2025-09-16,3-1-3 Bullish Reversal,6915.5,6900.25,6899.5,6896.25,6917.25,6929.25,6948.5,6841.5,6962.0,6917.75,Broke High
485,2025-09-17,1-3-3 Bullish Reversal,6899.5,6896.25,6917.25,6929.25,6937.75,6950.25,6962.0,6841.5,6987.25,6936.25,Broke High
486,2025-09-18,1-1-3 Bullish Reversal,6917.25,6929.25,6937.75,6950.25,6936.5,6980.25,6987.25,6900.75,6987.0,6932.25,Broke None
487,2025-09-19,1-3-3 Bearish Reversal,6937.75,6950.25,6936.5,6980.25,6980.75,6947.0,6987.25,6917.75,6959.0,6908.5,Broke Low
488,2025-09-22,3-1-1 Bearish Reversal,6936.5,6980.25,6980.75,6947.0,6957.75,6927.5,6987.25,6908.5,6905.5,6854.75,Broke Low
489,2025-09-23,3-3-1 Bearish Reversal,6980.75,6947.0,6957.75,6927.5,6890.5,6892.5,6987.0,6854.75,6934.25,6887.75,Broke None
490,2025-09-24,3-1-3 Bullish Reversal,6957.75,6927.5,6890.5,6892.5,6904.0,6928.25,6959.0,6854.75,6961.75,6926.75,Broke High
491,2025-09-25,1-3-2 Bullish Reversal,6890.5,6892.5,6904.0,6928.25,6952.75,6939.0,6961.75,6854.75,6974.0,6923.5,Broke High
492,2025-09-26,3-1-2 Bullish Reversal,6904.0,6928.25,6952.75,6939.0,6937.25,6954.5,6974.0,6887.75,7000.0,6935.75,Broke High
493,2025-09-29,1-1-3 Bullish Reversal,6952.75,6939.0,6937.25,6954.5,6937.25,6987.5,7000.0,6923.5,7010.75,6972.0,Broke High
494,2025-09-30,1-3-1 Bullish Reversal,6937.25,6954.5,6937.25,6987.5,7009.5,6995.5,7010.75,6923.5,7030.5,6984.5,Broke High
495,2025-10-01,3-1-1 Bullish Reversal,6937.25,6987.5,7009.5,6995.5,7002.5,6993.5,7030.5,6935.75,7028.25,6997.0,Broke None
496,2025-10-02,3-2-1 Bullish Reversal,7009.5,6995.5,7002.5,6993.5,7019.25,7020.75,7030.5,6972.0,7032.25,6977.75,Broke High
497,2025-10-03,1-1-3 Bullish Reversal,7002.5,6993.5,7019.25,7020.75,7027.75,6995.5,7032.25,6977.75,7038.25,6995.0,Broke High
498,2025-10-06,1-3-3 Bullish Reversal,7019.25,7020.75,7027.75,6995.5,7003.75,7033.75,7038.25,6977.75,7040.0,6991.25,Broke High
499,2025-10-07,3-2-1 Bullish Reversal,7027.75,6995.5,7003.75,7033.75,7036.0,7010.25,7040.0,6977.75,7037.0,6770.75,Broke Low
500,2025-10-08,1-1-3 Bearish Reversal,7003.75,7033.75,7036.0,7010.25,7018.5,6782.5,7040.0,6770.75,6942.0,6892.25,Broke None
501,2025-10-09,1-3-1 Bearish Reversal,7036.0,7010.25,7018.5,6782.5,6900.75,6920.25,7040.0,6770.75,6953.0,6823.75,Broke None
502,2025-10-10,3-1-1 Bullish Reversal,7018.5,6782.5,6900.75,6920.25,6864.5,6915.5,7037.0,6770.75,6997.25,6882.0,Broke None
503,2025-10-13,1-3-1 Bullish Reversal,6900.75,6920.25,6864.5,6915.5,6962.5,6944.0,6997.25,6823.75,6981.0,6862.5,Broke None
504,2025-10-14,2-1-3 Bearish Reversal,6864.5,6915.5,6962.5,6944.0,6962.0,6889.75,6997.25,6823.75,6948.5,6871.0,Broke None
505,2025-10-15,1-3-3 Bearish Reversal,6962.5,6944.0,6962.0,6889.75,6885.0,6941.5,6997.25,6862.5,7013.5,6963.5,Broke High
506,2025-10-16,3-2-1 Bullish Reversal,6962.0,6889.75,6885.0,6941.5,6964.0,7010.75,7013.5,6862.5,7020.25,6989.75,Broke High
507,2025-10-17,3-3-1 Bullish Reversal,6885.0,6941.5,6964.0,7010.75,7004.75,7003.0,7020.25,6871.0,7009.75,6921.25,Broke None
508,2025-10-20,3-1-3 Bearish Reversal,6964.0,7010.75,7004.75,7003.0,7009.5,6968.0,7020.25,6921.25,7016.25,6966.5,Broke None
509,2025-10-21,1-3-3 Bullish Reversal,7004.75,7003.0,7009.5,6968.0,6969.75,7008.25,7020.25,6921.25,7071.75,7043.0,Broke High
510,2025-10-22,3-3-1 Bullish Reversal,7009.5,6968.0,6969.75,7008.25,7051.25,7055.75,7071.75,6921.25,7146.75,7107.5,Broke High
511,2025-10-23,3-1-3 Bullish Reversal,6969.75,7008.25,7051.25,7055.75,7113.5,7144.5,7146.75,6966.5,7175.25,7133.5,Broke High
512,2025-10-24,1-3-1 Bullish Reversal,7051.25,7055.75,7113.5,7144.5,7156.25,7158.0,7175.25,7043.0,7182.5,7112.75,Broke High
513,2025-10-27,3-1-3 Bullish Reversal,7113.5,7144.5,7156.25,7158.0,7172.5,7148.5,7182.5,7107.5,7144.25,7081.5,Broke Low
514,2025-10-28,1-3-1 Bearish Reversal,7156.25,7158.0,7172.5,7148.5,7123.5,7124.5,7182.5,7081.5,7133.0,7074.0,Broke Low
515,2025-10-29,3-1-3 Bearish Reversal,7172.5,7148.5,7123.5,7124.5,7132.5,7102.75,7182.5,7074.0,7140.0,7080.0,Broke None
516,2025-10-30,1-3-3 Bearish Reversal,7123.5,7124.5,7132.5,7102.75,7138.75,7114.5,7144.25,7074.0,7079.75,7025.25,Broke Low
517,2025-10-31,3-3-1 Bearish Reversal,7132.5,7102.75,7138.75,7114.5,7040.75,7036.75,7140.0,7025.25,7088.25,7020.25,Broke Low
518,2025-11-03,3-1-3 Bearish Reversal,7138.75,7114.5,7040.75,7036.75,7029.0,7058.0,7140.0,7020.25,7052.0,6964.0,Broke Low
519,2025-11-04,1-2-3 Bearish Reversal,7040.75,7036.75,7029.0,7058.0,7042.75,6995.25,7088.25,6964.0,6996.25,6886.0,Broke Low
520,2025-11-05,1-3-3 Bearish Reversal,7029.0,7058.0,7042.75,6995.25,6954.0,6995.5,7088.25,6886.0,7096.25,7023.25,Broke High
521,2025-11-06,3-1-1 Bullish Reversal,7042.75,6995.25,6954.0,6995.5,7046.25,7088.25,7096.25,6886.0,7110.5,7061.0,Broke High
522,2025-11-07,3-3-1 Bullish Reversal,6954.0,6995.5,7046.25,7088.25,7073.0,7104.5,7110.5,6886.0,7123.25,7082.5,Broke High
523,2025-11-10,3-2-1 Bullish Reversal,7046.25,7088.25,7073.0,7104.5,7121.75,7103.75,7123.25,7023.25,7081.0,6976.5,Broke Low
524,2025-11-11,1-1-3 Bearish Reversal,7073.0,7104.5,7121.75,7103.75,7077.75,6993.0,7123.25,6976.5,7026.0,6901.0,Broke Low
525,2025-11-12,1-3-3 Bearish Reversal,7121.75,7103.75,7077.75,6993.0,6922.5,6995.75,7123.25,6901.0,7005.25,6889.0,Broke Low
526,2025-11-13,3-3-1 Bearish Reversal,7077.75,6993.0,6922.5,6995.75,6964.75,6927.75,7081.0,6889.0,6918.0,6824.5,Broke Low
527,2025-11-14,3-1-1 Bearish Reversal,6922.5,6995.75,6964.75,6927.75,6887.25,6858.25,7026.0,6824.5,6939.5,6852.5,Broke None
528,2025-11-17,1-1-3 Bearish Reversal,6964.75,6927.75,6887.25,6858.25,6873.0,6926.5,7005.25,6824.5,7021.75,6781.0,Broke Both
529,2025-11-18,1-1-3 Bearish Reversal,6887.25,6858.25,6873.0,6926.5,6995.25,6782.5,7021.75,6781.0,6908.0,6769.5,Broke Low
530,2025-11-19,1-3-1 Bearish Reversal,6873.0,6926.5,6995.25,6782.5,6812.0,6862.0,7021.75,6769.5,6962.25,6877.25,Broke None
531,2025-11-20,3-1-1 Bullish Reversal,6995.25,6782.5,6812.0,6862.0,6888.25,6955.5,7021.75,6769.5,7023.0,6905.0,Broke High
532,2025-11-21,1-3-3 Bullish Reversal,6812.0,6862.0,6888.25,6955.5,6947.0,7011.25,7023.0,6769.5,7077.25,7026.25,Broke High
533,2025-11-24,3-3-1 Bullish Reversal,6888.25,6955.5,6947.0,7011.25,7035.5,7060.75,7077.25,6877.25,7062.25,7055.5,Broke None
534,2025-11-25,3-2-1 Bullish Reversal,6947.0,7011.25,7035.5,7060.75,7059.75,7058.5,7077.25,6905.0,7094.25,7061.75,Broke High
535,2025-11-26,3-1-3 Bullish Reversal,7035.5,7060.75,7059.75,7058.5,7064.75,7087.75,7094.25,7026.25,7086.25,7043.25,Broke None
536,2025-11-27,1-3-2 Bearish Reversal,7059.75,7058.5,7064.75,7087.75,7044.0,7057.25,7094.25,7043.25,7094.0,7048.5,Broke None
537,2025-11-28,3-2-1 Bearish Reversal,7064.75,7087.75,7044.0,7057.25,7074.75,7073.25,7094.25,7043.25,7103.75,7050.75,Broke High
538,2025-12-01,2-1-3 Bullish Reversal,7044.0,7057.25,7074.75,7073.25,7059.75,7095.25,7103.75,7043.25,7107.25,7066.75,Broke High
539,2025-12-02,1-3-1 Bullish Reversal,7074.75,7073.25,7059.75,7095.25,7106.75,7096.25,7107.25,7048.5,7135.5,7097.0,Broke High
540,2025-12-03,3-1-1 Bullish Reversal,7059.75,7095.25,7106.75,7096.25,7105.75,7110.0,7135.5,7050.75,7116.75,7065.75,Broke None
541,2025-12-04,2-1-3 Bearish Reversal,7106.75,7096.25,7105.75,7110.0,7116.25,7095.0,7135.5,7065.75,7103.25,7074.5,Broke None
542,2025-12-05,1-3-1 Bearish Reversal,7105.75,7110.0,7116.25,7095.0,7081.0,7076.75,7135.5,7065.75,7138.25,7061.25,Broke Both
543,2025-12-08,2-1-3 Bullish Reversal,7116.25,7095.0,7081.0,7076.75,7073.75,7123.75,7138.25,7061.25,7160.25,7068.75,Broke High
544,2025-12-09,1-3-3 Bullish Reversal,7081.0,7076.75,7073.75,7123.75,7099.0,7156.75,7160.25,7061.25,7135.5,7036.25,Broke Low
545,2025-12-10,1-2-3 Bearish Reversal,7073.75,7123.75,7099.0,7156.75,7128.5,7065.5,7160.25,7036.25,7104.0,7036.5,Broke None
546,2025-12-11,2-3-1 Bearish Reversal,7099.0,7156.75,7128.5,7065.5,7103.0,7053.75,7160.25,7036.25,7052.75,6989.75,Broke Low
547,2025-12-12,3-3-1 Bearish Reversal,7128.5,7065.5,7103.0,7053.75,7033.75,7020.25,7135.5,6989.75,7043.5,6947.75,Broke Low
548,2025-12-15,2-1-3 Bearish Reversal,7103.0,7053.75,7033.75,7020.25,7037.75,6958.75,7104.0,6947.75,7044.25,6984.0,Broke None
549,2025-12-16,1-3-1 Bearish Reversal,7033.75,7020.25,7037.75,6958.75,7012.0,6995.0,7052.75,6947.75,7067.5,7018.0,Broke High
550,2025-12-17,3-1-2 Bullish Reversal,7037.75,6958.75,7012.0,6995.0,7019.5,7065.75,7067.5,6947.75,7108.5,7080.75,Broke High
551,2025-12-18,1-3-1 Bullish Reversal,7012.0,6995.0,7019.5,7065.75,7094.0,7103.0,7108.5,6984.0,7136.0,7091.0,Broke High
552,2025-12-19,3-1-3 Bullish Reversal,7019.5,7065.75,7094.0,7103.0,7091.5,7130.25,7136.0,7018.0,7160.25,7129.5,Broke High
553,2025-12-22,1-3-2 Bullish Reversal,7094.0,7103.0,7091.5,7130.25,7131.25,7152.25,7160.25,7080.75,7162.25,7151.25,Broke High
554,2025-12-23,3-2-1 Bullish Reversal,7091.5,7130.25,7131.25,7152.25,7151.75,7152.25,7162.25,7091.0,7166.25,7141.25,Broke High
555,2025-12-24,3-1-1 Bearish Reversal,7131.25,7152.25,7151.75,7152.25,7155.75,7149.25,7166.25,7129.5,7140.0,7108.25,Broke Low
556,2025-12-25,1-3-3 Bearish Reversal,7151.75,7152.25,7155.75,7149.25,7123.5,7128.75,7166.25,7108.25,7133.75,7113.0,Broke None
557,2025-12-26,3-2-1 Bearish Reversal,7155.75,7149.25,7123.5,7128.75,7122.0,7117.75,7166.25,7108.25,7119.75,7062.5,Broke Low
558,2025-12-29,1-1-3 Bearish Reversal,7123.5,7128.75,7122.0,7117.75,7117.5,7066.0,7140.0,7062.5,7097.0,7069.25,Broke None
559,2025-12-30,1-3-2 Bearish Reversal,7122.0,7117.75,7117.5,7066.0,7074.25,7096.75,7133.75,7062.5,7112.0,7039.0,Broke Low
560,2025-12-31,3-1-1 Bullish Reversal,7117.5,7066.0,7074.25,7096.75,7100.0,7072.75,7119.75,7039.0,7135.75,7105.0,Broke High
561,2026-01-01,3-3-1 Bullish Reversal,7074.25,7096.75,7100.0,7072.75,7106.25,7115.75,7135.75,7039.0,7163.75,7117.75,Broke High
562,2026-01-02,2-1-3 Bullish Reversal,7100.0,7072.75,7106.25,7115.75,7119.0,7160.75,7163.75,7039.0,7179.0,7130.25,Broke High
563,2026-01-05,1-3-2 Bullish Reversal,7106.25,7115.75,7119.0,7160.75,7161.25,7139.25,7179.0,7105.0,7150.0,7112.25,Broke None
564,2026-01-06,3-1-1 Bearish Reversal,7119.0,7160.75,7161.25,7139.25,7125.75,7143.5,7179.0,7112.25,7189.75,7128.0,Broke High
565,2026-01-07,1-1-3 Bullish Reversal,7161.25,7139.25,7125.75,7143.5,7142.75,7176.25,7189.75,7112.25,7197.5,7141.0,Broke High
566,2026-01-08,1-2-3 Bullish Reversal,7125.75,7143.5,7142.75,7176.25,7141.75,7183.75,7197.5,7112.25,7196.5,7149.0,Broke None
567,2026-01-09,2-3-1 Bearish Reversal,7142.75,7176.25,7141.75,7183.75,7190.5,7171.5,7197.5,7128.0,7152.0,7095.5,Broke Low
568,2026-01-12,3-1-1 Bearish Reversal,7141.75,7183.75,7190.5,7171.5,7144.5,7132.25,7197.5,7095.5,7189.5,7147.0,Broke None
569,2026-01-13,2-1-3 Bearish Reversal,7190.5,7171.5,7144.5,7132.25,7180.75,7155.75,7196.5,7095.5,7174.5,7132.75,Broke None
570,2026-01-14,1-3-2 Bullish Reversal,7144.5,7132.25,7180.75,7155.75,7168.75,7150.0,7189.5,7095.5,7089.0,7059.75,Broke Low
571,2026-01-15,3-1-1 Bearish Reversal,7180.75,7155.75,7168.75,7150.0,7068.75,7085.5,7189.5,7059.75,7077.0,6994.5,Broke Low
572,2026-01-16,1-1-3 Bearish Reversal,7168.75,7150.0,7068.75,7085.5,7044.0,7009.75,7174.5,6994.5,7117.5,7009.5,Broke None
573,2026-01-19,1-2-3 Bullish Reversal,7068.75,7085.5,7044.0,7009.75,7025.0,7088.0,7117.5,6994.5,7141.25,7097.75,Broke High
574,2026-01-20,2-3-1 Bullish Reversal,7044.0,7009.75,7025.0,7088.0,7128.25,7112.5,7141.25,6994.5,7136.25,7097.25,Broke None
575,2026-01-21,3-1-1 Bullish Reversal,7025.0,7088.0,7128.25,7112.5,7107.25,7106.0,7141.25,7009.5,7167.75,7124.25,Broke High
576,2026-01-22,3-1-3 Bullish Reversal,7128.25,7112.5,7107.25,7106.0,7130.0,7149.25,7167.75,7097.25,7190.75,7160.5,Broke High
577,2026-01-23,1-3-3 Bullish Reversal,7107.25,7106.0,7130.0,7149.25,7166.5,7181.75,7190.75,7097.25,7203.25,7149.5,Broke High
578,2026-01-26,3-3-1 Bullish Reversal,7130.0,7149.25,7166.5,7181.75,7195.0,7189.0,7203.25,7124.25,7193.75,7070.5,Broke Low
579,2026-01-27,2-1-3 Bearish Reversal,7166.5,7181.75,7195.0,7189.0,7187.25,7162.0,7203.25,7070.5,7163.5,7091.0,Broke None
580,2026-01-28,1-3-1 Bearish Reversal,7195.0,7189.0,7187.25,7162.0,7138.5,7133.5,7203.25,7070.5,7189.5,7114.0,Broke None
581,2026-01-29,2-1-3 Bullish Reversal,7187.25,7162.0,7138.5,7133.5,7115.75,7175.5,7193.75,7070.5,7189.25,7058.5,Broke Low
582,2026-01-30,1-3-3 Bearish Reversal,7138.5,7133.5,7115.75,7175.5,7181.75,7111.0,7189.5,7058.5,7133.0,7034.75,Broke Low
583,2026-02-02,3-3-1 Bearish Reversal,7115.75,7175.5,7181.75,7111.0,7121.5,7100.75,7189.5,7034.75,7053.5,6957.25,Broke Low
584,2026-02-03,3-1-3 Bearish Reversal,7181.75,7111.0,7121.5,7100.75,7025.75,6961.0,7189.25,6957.25,7137.75,7022.5,Broke None
585,2026-02-04,1-2-3 Bullish Reversal,7121.5,7100.75,7025.75,6961.0,7028.5,7118.0,7137.75,6957.25,7172.75,7096.5,Broke High
586,2026-02-05,2-3-1 Bullish Reversal,7025.75,6961.0,7028.5,7118.0,7107.75,7156.25,7172.75,6957.25,7178.75,7129.25,Broke High
587,2026-02-06,3-2-1 Bullish Reversal,7028.5,7118.0,7107.75,7156.25,7162.0,7142.75,7178.75,7022.5,7183.75,7103.25,Broke High
588,2026-02-09,3-1-3 Bearish Reversal,7107.75,7156.25,7162.0,7142.75,7176.0,7135.25,7183.75,7096.5,7165.0,7014.25,Broke Low
589,2026-02-10,1-1-3 Bearish Reversal,7162.0,7142.75,7176.0,7135.25,7153.75,7034.0,7183.75,7014.25,7070.0,6981.0,Broke Low
590,2026-02-11,1-3-1 Bearish Reversal,7176.0,7135.25,7153.75,7034.0,7023.5,7017.5,7183.75,6981.0,7036.25,7013.25,Broke None
591,2026-02-12,3-1-1 Bearish Reversal,7153.75,7034.0,7023.5,7017.5,7031.25,7026.5,7165.0,6981.0,7056.0,6963.25,Broke Low
592,2026-02-13,1-1-3 Bullish Reversal,7023.5,7017.5,7031.25,7026.5,7007.25,7034.5,7070.0,6963.25,7098.0,7033.75,Broke High
593,2026-02-16,1-3-2 Bullish Reversal,7031.25,7026.5,7007.25,7034.5,7046.0,7064.25,7098.0,6963.25,7066.75,7020.0,Broke None
594,2026-02-17,3-2-1 Bullish Reversal,7007.25,7034.5,7046.0,7064.25,7043.0,7044.5,7098.0,6963.25,7103.75,7019.5,Broke High
595,2026-02-18,1-1-3 Bullish Reversal,7046.0,7064.25,7043.0,7044.5,7025.0,7097.0,7103.75,7019.5,7102.5,7005.0,Broke Low
596,2026-02-19,1-3-3 Bearish Reversal,7043.0,7044.5,7025.0,7097.0,7080.25,7030.5,7103.75,7005.0,7085.0,7000.75,Broke Low
597,2026-02-20,3-1-1 Bearish Reversal,7025.0,7097.0,7080.25,7030.5,7019.75,7072.25,7103.75,7000.75,7156.0,7102.0,Broke High
598,2026-02-23,2-3-1 Bullish Reversal,7080.25,7030.5,7019.75,7072.25,7102.75,7147.75,7156.0,7000.75,7133.5,7043.0,Broke None
599,2026-02-24,2-1-3 Bullish Reversal,7019.75,7072.25,7102.75,7147.75,7133.5,7076.0,7156.0,7000.75,7066.25,7013.75,Broke None
600,2026-02-25,3-3-1 Bearish Reversal,7102.75,7147.75,7133.5,7076.0,7028.0,7047.5,7156.0,7013.75,7083.5,6976.75,Broke Low
601,2026-02-26,3-1-3 Bearish Reversal,7133.5,7076.0,7028.0,7047.5,6983.25,7056.75,7133.5,6976.75,7022.0,6891.0,Broke Low
602,2026-02-27,1-3-2 Bearish Reversal,7028.0,7047.5,6983.25,7056.75,6945.0,6986.25,7083.5,6891.0,7066.25,6990.0,Broke None
603,2026-03-02,3-1-1 Bearish Reversal,6983.25,7056.75,6945.0,6986.25,7011.0,7051.25,7083.5,6891.0,7049.75,6949.25,Broke None
604,2026-03-03,3-3-1 Bullish Reversal,6945.0,6986.25,7011.0,7051.25,7014.5,6997.0,7066.25,6891.0,6952.75,6888.0,Broke Low
605,2026-03-04,3-1-1 Bearish Reversal,7011.0,7051.25,7014.5,6997.0,6924.5,6912.25,7066.25,6888.0,6990.75,6813.25,Broke Low
606,2026-03-05,1-1-3 Bearish Reversal,7014.5,6997.0,6924.5,6912.25,6853.75,6966.0,7049.75,6813.25,7024.25,6937.25,Broke None
607,2026-03-06,1-3-1 Bullish Reversal,6924.5,6912.25,6853.75,6966.0,6967.25,6969.5,7024.25,6813.25,6990.5,6922.5,Broke None
608,2026-03-09,3-1-1 Bearish Reversal,6853.75,6966.0,6967.25,6969.5,6965.25,6942.0,7024.25,6813.25,6904.5,6843.75,Broke None
609,2026-03-10,1-2-3 Bearish Reversal,6967.25,6969.5,6965.25,6942.0,6899.0,6857.25,7024.25,6843.75,6909.25,6796.75,Broke Low
610,2026-03-11,1-1-3 Bearish Reversal,6965.25,6942.0,6899.0,6857.25,6878.5,6797.0,6990.5,6796.75,6906.75,6856.5,Broke None
611,2026-03-12,2-3-1 Bullish Reversal,6899.0,6857.25,6878.5,6797.0,6868.75,6871.75,6909.25,6796.75,6930.5,6886.25,Broke High
612,2026-03-13,3-1-1 Bullish Reversal,6878.5,6797.0,6868.75,6871.75,6909.75,6896.25,6930.5,6796.75,6881.75,6776.5,Broke Low
613,2026-03-16,1-1-3 Bearish Reversal,6868.75,6871.75,6909.75,6896.25,6868.5,6786.0,6930.5,6776.5,6814.0,6733.75,Broke Low
614,2026-03-17,1-3-2 Bearish Reversal,6909.75,6896.25,6868.5,6786.0,6751.25,6792.5,6930.5,6733.75,6765.0,6645.75,Broke Low
615,2026-03-18,3-1-1 Bearish Reversal,6868.5,6786.0,6751.25,6792.5,6764.75,6710.5,6881.75,6645.75,6826.75,6738.0,Broke None
616,2026-03-19,2-3-1 Bearish Reversal,6751.25,6792.5,6764.75,6710.5,6780.0,6754.75,6826.75,6645.75,6802.5,6695.5,Broke None
617,2026-03-20,3-1-3 Bullish Reversal,6764.75,6710.5,6780.0,6754.75,6711.0,6768.25,6826.75,6645.75,6806.75,6738.5,Broke None
618,2026-03-23,1-3-1 Bullish Reversal,6780.0,6754.75,6711.0,6768.25,6783.75,6763.0,6826.75,6695.5,6744.0,6639.0,Broke Low
619,2026-03-24,3-1-3 Bearish Reversal,6711.0,6768.25,6783.75,6763.0,6715.0,6657.5,6806.75,6639.0,6617.75,6511.0,Broke Low
620,2026-03-25,1-2-3 Bearish Reversal,6783.75,6763.0,6715.0,6657.5,6616.75,6520.0,6806.75,6511.0,6593.25,6481.5,Broke Low
621,2026-03-26,1-3-3 Bearish Reversal,6715.0,6657.5,6616.75,6520.0,6589.75,6505.25,6744.0,6481.5,6705.25,6569.0,Broke None
622,2026-03-27,2-1-3 Bullish Reversal,6616.75,6520.0,6589.75,6505.25,6579.25,6689.5,6705.25,6481.5,6775.75,6720.0,Broke High
623,2026-03-30,3-3-1 Bullish Reversal,6589.75,6505.25,6579.25,6689.5,6728.0,6739.25,6775.75,6481.5,6766.5,6636.25,Broke None
624,2026-03-31,3-1-3 Bullish Reversal,6579.25,6689.5,6728.0,6739.25,6649.75,6746.0,6775.75,6569.0,6783.0,6739.75,Broke High
625,2026-04-01,1-3-1 Bullish Reversal,6728.0,6739.25,6649.75,6746.0,6743.75,6772.75,6783.0,6636.25,6795.5,6694.75,Broke High
626,2026-04-02,3-1-1 Bullish Reversal,6649.75,6746.0,6743.75,6772.75,6751.5,6785.5,6795.5,6636.25,6958.75,6902.0,Broke High
627,2026-04-06,3-3-1 Bullish Reversal,6743.75,6772.75,6751.5,6785.5,6951.5,6938.25,6958.75,6694.75,6998.0,6923.75,Broke High
628,2026-04-07,2-1-3 Bullish Reversal,6751.5,6785.5,6951.5,6938.25,6934.75,6982.75,6998.0,6694.75,7005.0,6968.25,Broke High
629,2026-04-08,1-3-1 Bullish Reversal,6951.5,6938.25,6934.75,6982.75,6997.0,6985.75,7005.0,6902.0,7050.25,6948.5,Broke High
630,2026-04-09,2-1-3 Bullish Reversal,6934.75,6982.75,6997.0,6985.75,6956.75,7049.5,7050.25,6923.75,7130.0,7059.5,Broke High
631,2026-04-10,1-3-3 Bullish Reversal,6997.0,6985.75,6956.75,7049.5,7059.75,7126.25,7130.0,6948.5,7186.5,7126.0,Broke High
632,2026-04-13,3-2-1 Bullish Reversal,6956.75,7049.5,7059.75,7126.25,7136.25,7180.25,7186.5,6948.5,7211.0,7168.5,Broke High
633,2026-04-14,3-2-1 Bullish Reversal,7059.75,7126.25,7136.25,7180.25,7193.75,7200.25,7211.0,7059.5,7307.75,7239.0,Broke High
634,2026-04-15,3-1-3 Bullish Reversal,7136.25,7180.25,7193.75,7200.25,7243.25,7286.25,7307.75,7126.0,7282.5,7243.5,Broke None
635,2026-04-16,1-3-1 Bullish Reversal,7193.75,7200.25,7243.25,7286.25,7270.25,7274.0,7307.75,7168.5,7294.5,7207.0,Broke None
636,2026-04-17,3-1-3 Bearish Reversal,7243.25,7286.25,7270.25,7274.0,7284.5,7244.25,7307.75,7207.0,7295.0,7262.75,Broke None
637,2026-04-20,1-3-1 Bullish Reversal,7270.25,7274.0,7284.5,7244.25,7272.0,7286.5,7295.0,7207.0,7303.5,7201.25,Broke Both
638,2026-04-21,3-1-1 Bullish Reversal,7284.5,7244.25,7272.0,7286.5,7274.25,7254.5,7303.5,7201.25,7322.5,7267.0,Broke High
639,2026-04-22,1-1-3 Bullish Reversal,7272.0,7286.5,7274.25,7254.5,7284.5,7317.5,7322.5,7201.25,7333.25,7299.0,Broke High
640,2026-04-23,1-3-1 Bullish Reversal,7274.25,7254.5,7284.5,7317.5,7308.25,7327.25,7333.25,7201.25,7305.0,7268.25,Broke None
641,2026-04-24,3-2-1 Bearish Reversal,7284.5,7317.5,7308.25,7327.25,7294.0,7294.5,7333.25,7267.0,7312.75,7253.25,Broke Low
642,2026-04-27,3-1-3 Bearish Reversal,7308.25,7327.25,7294.0,7294.5,7285.25,7263.5,7333.25,7253.25,7375.5,7279.25,Broke High
643,2026-04-28,1-2-3 Bullish Reversal,7294.0,7294.5,7285.25,7263.5,7322.0,7368.75,7375.5,7253.25,7422.75,7362.75,Broke High
644,2026-04-29,1-3-1 Bullish Reversal,7285.25,7263.5,7322.0,7368.75,7386.5,7369.75,7422.75,7253.25,7393.0,7321.5,Broke None
645,2026-04-30,3-1-1 Bearish Reversal,7322.0,7368.75,7386.5,7369.75,7372.5,7347.25,7422.75,7279.25,7426.25,7386.25,Broke High
646,2026-05-01,1-3-3 Bullish Reversal,7386.5,7369.75,7372.5,7347.25,7389.5,7417.5,7426.25,7321.5,7517.75,7449.25,Broke High
647,2026-05-04,1-1-3 Bullish Reversal,7372.5,7347.25,7389.5,7417.5,7453.0,7508.75,7517.75,7321.5,7532.0,7467.5,Broke High
648,2026-05-05,1-3-3 Bullish Reversal,7389.5,7417.5,7453.0,7508.75,7521.25,7474.25,7532.0,7386.25,7549.75,7513.75,Broke High
649,2026-05-06,3-3-1 Bullish Reversal,7453.0,7508.75,7521.25,7474.25,7517.75,7542.5,7549.75,7449.25,7576.75,7532.0,Broke High
650,2026-05-07,3-1-1 Bullish Reversal,7521.25,7474.25,7517.75,7542.5,7532.25,7557.0,7576.75,7467.5,7555.75,7485.25,Broke None
651,2026-05-08,3-3-1 Bearish Reversal,7517.75,7542.5,7532.25,7557.0,7536.0,7542.5,7576.75,7485.25,7605.75,7521.0,Broke High
652,2026-05-11,2-1-3 Bullish Reversal,7532.25,7557.0,7536.0,7542.5,7551.25,7598.0,7605.75,7485.25,7662.0,7601.75,Broke High
653,2026-05-12,1-3-3 Bullish Reversal,7536.0,7542.5,7551.25,7598.0,7603.0,7645.0,7662.0,7485.25,7597.75,7531.25,Broke None
654,2026-05-13,3-1-1 Bearish Reversal,7551.25,7598.0,7603.0,7645.0,7581.5,7540.0,7662.0,7521.0,7576.25,7495.5,Broke Low
655,2026-05-14,3-3-1 Bearish Reversal,7603.0,7645.0,7581.5,7540.0,7560.25,7542.25,7662.0,7495.5,7537.25,7476.25,Broke Low
656,2026-05-15,3-1-1 Bearish Reversal,7581.5,7540.0,7560.25,7542.25,7508.75,7494.5,7597.75,7476.25,7580.0,7498.75,Broke None
657,2026-05-18,1-1-3 Bullish Reversal,7560.25,7542.25,7508.75,7494.5,7516.75,7555.25,7580.0,7476.25,7608.75,7530.5,Broke High
658,2026-05-19,1-3-3 Bullish Reversal,7508.75,7494.5,7516.75,7555.25,7545.75,7589.0,7608.75,7476.25,7646.0,7600.75,Broke High
659,2026-05-20,3-3-1 Bullish Reversal,7516.75,7555.25,7545.75,7589.0,7618.75,7606.25,7646.0,7498.75,7691.75,7676.25,Broke High
660,2026-05-21,3-1-1 Bullish Reversal,7545.75,7589.0,7618.75,7606.25,7680.5,7686.5,7691.75,7530.5,7677.25,7639.0,Broke None
661,2026-05-22,3-2-1 Bullish Reversal,7618.75,7606.25,7680.5,7686.5,7656.25,7654.75,7691.75,7600.75,7679.25,7637.0,Broke None
662,2026-05-25,2-1-3 Bearish Reversal,7680.5,7686.5,7656.25,7654.75,7664.0,7676.25,7691.75,7637.0,7712.75,7647.25,Broke High
663,2026-05-26,1-1-3 Bullish Reversal,7656.25,7654.75,7664.0,7676.25,7657.25,7709.75,7712.75,7637.0,7733.5,7699.5,Broke High
664,2026-05-27,1-3-1 Bullish Reversal,7664.0,7676.25,7657.25,7709.75,7712.75,7712.75,7733.5,7637.0,7754.25,7698.25,Broke High
665,2026-05-28,3-1-2 Bullish Reversal,7657.25,7709.75,7712.75,7712.75,7705.0,7730.5,7754.25,7647.25,7754.0,7717.5,Broke None
666,2026-05-29,1-3-3 Bullish Reversal,7712.75,7712.75,7705.0,7730.5,7720.0,7750.25,7754.25,7698.25,7736.75,7663.75,Broke Low
667,2026-06-01,1-1-3 Bearish Reversal,7705.0,7730.5,7720.0,7750.25,7730.5,7669.5,7754.25,7663.75,7733.5,7663.75,Broke None
668,2026-06-02,1-3-1 Bearish Reversal,7720.0,7750.25,7730.5,7669.5,7670.25,7709.75,7754.0,7663.75,7675.0,7481.0,Broke Low
669,2026-06-03,1-1-3 Bearish Reversal,7730.5,7669.5,7670.25,7709.75,7670.0,7490.0,7736.75,7481.0,7598.75,7525.75,Broke None
670,2026-06-04,1-3-1 Bearish Reversal,7670.25,7709.75,7670.0,7490.0,7579.25,7534.25,7733.5,7481.0,7552.25,7308.5,Broke Low
671,2026-06-05,3-1-1 Bearish Reversal,7670.0,7490.0,7579.25,7534.25,7520.0,7451.25,7675.0,7308.5,7466.0,7317.25,Broke None
672,2026-06-08,1-2-3 Bearish Reversal,7579.25,7534.25,7520.0,7451.25,7416.25,7328.25,7598.75,7308.5,7481.75,7323.75,Broke None
673,2026-06-09,1-3-3 Bullish Reversal,7520.0,7451.25,7416.25,7328.25,7369.25,7459.5,7552.25,7308.5,7525.0,7429.0,Broke None
674,2026-06-10,3-3-1 Bullish Reversal,7416.25,7328.25,7369.25,7459.5,7486.0,7498.5,7525.0,7317.25,7648.75,7598.5,Broke High
675,2026-06-11,3-1-1 Bullish Reversal,7369.25,7459.5,7486.0,7498.5,7599.25,7624.25,7648.75,7323.75,7636.75,7578.0,Broke None
676,2026-06-12,1-2-3 Bullish Reversal,7486.0,7498.5,7599.25,7624.25,7628.0,7583.0,7648.75,7429.0,7604.25,7472.25,Broke None
677,2026-06-15,1-2-3 Bearish Reversal,7599.25,7624.25,7628.0,7583.0,7595.75,7511.0,7648.75,7472.25,7583.0,7535.5,Broke None
678,2026-06-16,2-3-1 Bearish Reversal,7628.0,7583.0,7595.75,7511.0,7577.25,7574.75,7636.75,7472.25,7568.5,7553.5,Broke None
679,2026-06-17,3-1-1 Bullish Reversal,7595.75,7511.0,7577.25,7574.75,7559.0,7556.25,7604.25,7472.25,7599.25,7527.25,Broke None
680,2026-06-18,1-1-3 Bearish Reversal,7577.25,7574.75,7559.0,7556.25,7573.25,7540.75,7599.25,7527.25,7491.0,7415.25,Broke Low
681,2026-06-19,1-3-2 Bearish Reversal,7559.0,7556.25,7573.25,7540.75,7429.5,7445.5,7599.25,7415.25,7496.5,7404.25,Broke Low
682,2026-06-22,3-1-3 Bearish Reversal,7573.25,7540.75,7429.5,7445.5,7447.25,7477.5,7599.25,7404.25,7490.5,7390.5,Broke Low
683,2026-06-23,1-2-3 Bearish Reversal,7429.5,7445.5,7447.25,7477.5,7485.75,7433.75,7496.5,7390.5,7459.5,7360.0,Broke Low
684,2026-06-24,2-3-1 Bearish Reversal,7447.25,7477.5,7485.75,7433.75,7380.75,7397.25,7496.5,7360.0,7505.0,7409.0,Broke High
685,2026-06-25,3-1-2 Bullish Reversal,7485.75,7433.75,7380.75,7397.25,7457.25,7493.5,7505.0,7360.0,7567.75,7495.75,Broke High
686,2026-06-26,1-3-3 Bullish Reversal,7380.75,7397.25,7457.25,7493.5,7500.0,7542.0,7567.75,7360.0,7579.0,7505.75,Broke High
687,2026-06-29,3-3-1 Bullish Reversal,7457.25,7493.5,7500.0,7542.0,7532.0,7532.75,7579.0,7409.0,7593.75,7479.5,Broke High
688,2026-06-30,3-1-3 Bearish Reversal,7500.0,7542.0,7532.0,7532.75,7555.0,7523.0,7593.75,7479.5,7561.75,7549.25,Broke None
689,2026-07-01,1-3-1 Bullish Reversal,7532.0,7532.75,7555.0,7523.0,7554.75,7557.0,7593.75,7479.5,7602.5,7552.5,Broke High
690,2026-07-02,3-1-3 Bullish Reversal,7555.0,7523.0,7554.75,7557.0,7564.75,7596.75,7602.5,7479.5,7587.5,7529.5,Broke None
691,2026-07-03,1-3-3 Bearish Reversal,7554.75,7557.0,7564.75,7596.75,7580.75,7551.75,7602.5,7529.5,7536.5,7469.5,Broke Low
692,2026-07-06,3-3-1 Bearish Reversal,7564.75,7596.75,7580.75,7551.75,7507.0,7515.5,7602.5,7469.5,7595.0,7529.5,Broke None
693,2026-07-07,2-1-3 Bullish Reversal,7580.75,7551.75,7507.0,7515.5,7546.5,7586.25,7595.0,7469.5,7628.75,7552.75,Broke High
