variant,avg_$,avg_R,avg_loss_$,avg_win_$,days,direction,eod_flat_%,exit_mode,expectancy_$/trade,max_dd_$,net_$,profit_factor,risk_$,sd_$,side,stop_pts,stopped_%,t_stat,trades,trigger,win_rate_%
new_core_approach:[from_below]fade/fixed_1r/$50,-12.65,-0.253,-57.48,42.52,23,fade,0.0,fixed_1r,-12.65,-744.08,-733.84,0.6,50.0,49.73,from_below,5.0,55.2,-1.94,58,new_core_approach,44.8
new_core_approach:[from_below]fade/fixed_1r/$100,-26.99,-0.27,-98.29,83.52,23,fade,15.7,fixed_1r,-26.99,-1561.52,-1376.48,0.55,100.0,91.44,from_below,10.0,51.0,-2.11,51,new_core_approach,39.2
new_core_approach:[from_below]fade/fixed_1r/$150,-22.78,-0.152,-132.36,92.27,23,fade,36.6,fixed_1r,-22.78,-1109.48,-934.18,0.66,150.0,122.96,from_below,15.0,36.6,-1.19,41,new_core_approach,48.8
new_core_approach:[from_below]fade/fixed_1r/$250,-49.75,-0.199,-185.57,94.55,23,fade,57.6,fixed_1r,-49.75,-1734.36,-1641.84,0.48,250.0,168.05,from_below,25.0,30.3,-1.7,33,new_core_approach,48.5
new_core_approach:[from_below]fade/fixed_2r/$50,-17.84,-0.357,-57.48,81.27,23,fade,5.4,fixed_2r,-17.84,-1033.92,-998.88,0.57,50.0,64.08,from_below,5.0,71.4,-2.08,56,new_core_approach,28.6
new_core_approach:[from_below]fade/fixed_2r/$100,-21.91,-0.219,-97.3,110.02,23,fade,31.8,fixed_2r,-21.91,-1364.42,-964.12,0.65,100.0,111.13,from_below,10.0,52.3,-1.31,44,new_core_approach,36.4
new_core_approach:[from_below]fade/fixed_2r/$150,-39.78,-0.265,-136.53,87.21,23,fade,48.6,fixed_2r,-39.78,-1574.52,-1471.76,0.49,150.0,133.22,from_below,15.0,43.2,-1.82,37,new_core_approach,43.2
new_core_approach:[from_below]fade/fixed_2r/$250,-53.65,-0.215,-192.79,105.38,23,fade,63.3,fixed_2r,-53.65,-1709.62,-1609.4,0.48,250.0,191.38,from_below,25.0,33.3,-1.54,30,new_core_approach,46.7
new_core_approach:[from_below]fade/fixed_3r/$50,-13.01,-0.26,-57.48,107.7,23,fade,9.6,fixed_3r,-13.01,-818.98,-676.46,0.69,50.0,77.48,from_below,5.0,73.1,-1.21,52,new_core_approach,26.9
new_core_approach:[from_below]fade/fixed_3r/$100,-26.92,-0.269,-100.38,95.52,23,fade,37.5,fixed_3r,-26.92,-1324.54,-1076.7,0.57,100.0,114.66,from_below,10.0,55.0,-1.48,40,new_core_approach,37.5
new_core_approach:[from_below]fade/fixed_3r/$150,-33.69,-0.225,-136.1,102.85,23,fade,51.4,fixed_3r,-33.69,-1504.6,-1179.3,0.57,150.0,152.92,from_below,15.0,42.9,-1.3,35,new_core_approach,42.9
new_core_approach:[from_below]fade/fixed_3r/$250,-45.31,-0.181,-192.79,123.23,23,fade,63.3,fixed_3r,-45.31,-1709.62,-1359.4,0.56,250.0,218.5,from_below,25.0,33.3,-1.14,30,new_core_approach,46.7
new_core_approach:[from_below]fade/scale_be/$50,-12.13,-0.243,-57.48,42.68,23,fade,5.7,scale_be,-12.13,-735.21,-642.69,0.61,50.0,54.64,from_below,5.0,81.1,-1.62,53,new_core_approach,45.3
new_core_approach:[from_below]fade/scale_be/$100,-29.02,-0.29,-101.23,81.42,23,fade,30.2,scale_be,-29.02,-1340.41,-1247.89,0.53,100.0,96.9,from_below,10.0,62.8,-1.96,43,new_core_approach,39.5
new_core_approach:[from_below]fade/scale_be/$150,-29.64,-0.198,-130.6,89.14,23,fade,48.6,scale_be,-29.64,-1219.32,-1096.76,0.58,150.0,127.93,from_below,15.0,45.9,-1.41,37,new_core_approach,45.9
new_core_approach:[from_below]fade/scale_be/$250,-55.15,-0.221,-192.79,102.16,23,fade,63.3,scale_be,-55.15,-1746.92,-1654.4,0.46,250.0,187.31,from_below,25.0,33.3,-1.61,30,new_core_approach,46.7
new_core_approach:[from_below]fade/ratchet/$50,-14.67,-0.293,-57.48,38.42,23,fade,3.6,ratchet,-14.67,-821.38,-821.38,0.54,50.0,51.46,from_below,5.0,87.5,-2.13,56,new_core_approach,44.6
new_core_approach:[from_below]fade/ratchet/$100,-27.86,-0.279,-101.23,84.36,23,fade,27.9,ratchet,-27.86,-1290.41,-1197.89,0.54,100.0,98.04,from_below,10.0,65.1,-1.86,43,new_core_approach,39.5
new_core_approach:[from_below]fade/ratchet/$150,-30.64,-0.204,-126.65,87.96,23,fade,47.4,ratchet,-30.64,-1281.76,-1164.24,0.56,150.0,125.5,from_below,15.0,47.4,-1.5,38,new_core_approach,44.7
new_core_approach:[from_below]fade/ratchet/$250,-55.15,-0.221,-192.79,102.16,23,fade,63.3,ratchet,-55.15,-1746.92,-1654.4,0.46,250.0,187.31,from_below,25.0,33.3,-1.61,30,new_core_approach,46.7
new_core_approach:[from_below]reject/fixed_1r/$50,-2.31,-0.046,-57.48,42.52,23,reject,0.0,fixed_1r,-2.31,-419.68,-133.84,0.91,50.0,49.73,from_below,5.0,44.8,-0.35,58,new_core_approach,55.2
new_core_approach:[from_below]reject/fixed_1r/$100,12.03,0.12,-98.48,83.33,23,reject,15.7,fixed_1r,12.03,-507.34,613.52,1.31,100.0,91.44,from_below,10.0,33.3,0.94,51,new_core_approach,60.8
new_core_approach:[from_below]reject/fixed_1r/$150,7.82,0.052,-107.23,117.4,23,reject,36.6,fixed_1r,7.82,-694.86,320.82,1.15,150.0,122.96,from_below,15.0,26.8,0.41,41,new_core_approach,51.2
new_core_approach:[from_below]reject/fixed_1r/$250,34.79,0.139,-109.51,170.61,23,reject,57.6,fixed_1r,34.79,-929.88,1148.16,1.66,250.0,168.05,from_below,25.0,12.1,1.19,33,new_core_approach,51.5
new_core_approach:[from_below]reject/fixed_2r/$50,6.99,0.14,-57.48,83.87,23,reject,7.0,fixed_2r,6.99,-437.26,398.64,1.22,50.0,71.8,from_below,5.0,54.4,0.74,57,new_core_approach,45.6
new_core_approach:[from_below]reject/fixed_2r/$100,19.53,0.195,-94.88,144.34,23,reject,26.1,fixed_2r,19.53,-707.34,898.42,1.39,100.0,129.64,from_below,10.0,43.5,1.02,46,new_core_approach,47.8
new_core_approach:[from_below]reject/fixed_2r/$150,30.36,0.202,-106.35,191.2,23,reject,43.2,fixed_2r,30.36,-694.86,1123.24,1.53,150.0,172.69,from_below,15.0,29.7,1.07,37,new_core_approach,45.9
new_core_approach:[from_below]reject/fixed_2r/$250,1.35,0.005,-143.89,167.34,23,reject,66.7,fixed_2r,1.35,-929.88,40.6,1.02,250.0,202.94,from_below,25.0,23.3,0.04,30,new_core_approach,46.7
new_core_approach:[from_below]reject/fixed_3r/$50,12.84,0.257,-56.27,116.5,23,reject,14.5,fixed_3r,12.84,-502.22,706.1,1.38,50.0,88.92,from_below,5.0,58.2,1.07,55,new_core_approach,40.0
new_core_approach:[from_below]reject/fixed_3r/$100,23.57,0.236,-95.38,188.77,23,reject,27.9,fixed_3r,23.57,-707.34,1013.36,1.42,100.0,158.48,from_below,10.0,48.8,0.98,43,new_core_approach,41.9
new_core_approach:[from_below]reject/fixed_3r/$150,13.81,0.092,-114.27,205.91,23,reject,51.4,fixed_3r,13.81,-694.86,483.2,1.2,150.0,189.15,from_below,15.0,37.1,0.43,35,new_core_approach,40.0
new_core_approach:[from_below]reject/fixed_3r/$250,-17.39,-0.07,-149.2,144.83,23,reject,72.4,fixed_3r,-17.39,-1149.76,-504.42,0.79,250.0,189.83,from_below,25.0,24.1,-0.49,29,new_core_approach,44.8
new_core_approach:[from_below]reject/scale_be/$50,-0.23,-0.005,-57.48,49.39,23,reject,7.1,scale_be,-0.23,-518.43,-12.63,0.99,50.0,59.1,from_below,5.0,73.2,-0.03,56,new_core_approach,53.6
new_core_approach:[from_below]reject/scale_be/$100,17.99,0.18,-98.01,93.99,23,reject,22.9,scale_be,17.99,-557.34,863.46,1.46,100.0,107.95,from_below,10.0,58.3,1.15,48,new_core_approach,60.4
new_core_approach:[from_below]reject/scale_be/$150,17.93,0.12,-108.04,137.26,23,reject,45.9,scale_be,17.93,-694.86,663.24,1.34,150.0,143.39,from_below,15.0,43.2,0.76,37,new_core_approach,51.4
new_core_approach:[from_below]reject/scale_be/$250,21.73,0.087,-119.09,144.94,23,reject,70.0,scale_be,21.73,-929.88,651.85,1.39,250.0,162.31,from_below,25.0,26.7,0.73,30,new_core_approach,53.3
new_core_approach:[from_below]reject/ratchet/$50,1.84,0.037,-57.48,51.59,23,reject,7.0,ratchet,1.84,-493.43,104.89,1.07,50.0,59.48,from_below,5.0,73.7,0.23,57,new_core_approach,54.4
new_core_approach:[from_below]reject/ratchet/$100,14.97,0.15,-98.01,88.99,23,reject,20.8,ratchet,14.97,-557.34,718.46,1.39,100.0,103.11,from_below,10.0,64.6,1.01,48,new_core_approach,60.4
new_core_approach:[from_below]reject/ratchet/$150,20.66,0.138,-108.04,142.59,23,reject,40.5,ratchet,20.66,-694.86,764.49,1.39,150.0,144.51,from_below,15.0,48.6,0.87,37,new_core_approach,51.4
new_core_approach:[from_below]reject/ratchet/$250,25.89,0.104,-119.09,152.75,23,reject,70.0,ratchet,25.89,-929.88,776.85,1.47,250.0,166.27,from_below,25.0,26.7,0.85,30,new_core_approach,53.3
new_core_approach:[from_below]momentum/fixed_1r/$50,-19.98,-0.4,-57.48,42.52,23,momentum,0.0,fixed_1r,-19.98,-1118.88,-1118.88,0.44,50.0,48.41,from_below,5.0,62.5,-3.09,56,new_core_approach,37.5
new_core_approach:[from_below]momentum/fixed_1r/$100,-36.82,-0.368,-99.9,81.93,23,momentum,14.3,fixed_1r,-36.82,-1896.54,-1804.02,0.44,100.0,89.25,from_below,10.0,57.1,-2.89,49,new_core_approach,34.7
new_core_approach:[from_below]momentum/fixed_1r/$150,-41.81,-0.279,-142.37,86.69,23,momentum,34.1,fixed_1r,-41.81,-1714.18,-1714.18,0.48,150.0,122.22,from_below,15.0,43.9,-2.19,41,new_core_approach,43.9
new_core_approach:[from_below]momentum/fixed_1r/$250,-58.26,-0.233,-193.22,94.69,23,momentum,56.2,fixed_1r,-58.26,-1864.36,-1864.36,0.43,250.0,169.29,from_below,25.0,31.2,-1.95,32,new_core_approach,46.9
new_core_approach:[from_below]momentum/fixed_2r/$50,-24.7,-0.494,-57.48,78.67,23,momentum,5.6,fixed_2r,-24.7,-1333.92,-1333.92,0.43,50.0,59.69,from_below,5.0,75.9,-3.04,54,new_core_approach,24.1
new_core_approach:[from_below]momentum/fixed_2r/$100,-30.92,-0.309,-98.65,104.52,23,momentum,28.9,fixed_2r,-30.92,-1599.38,-1391.6,0.53,100.0,106.87,from_below,10.0,57.8,-1.94,45,new_core_approach,33.3
new_core_approach:[from_below]momentum/fixed_2r/$150,-44.56,-0.297,-149.98,87.21,23,momentum,44.4,fixed_2r,-44.56,-1684.6,-1604.28,0.47,150.0,136.97,from_below,15.0,47.2,-1.95,36,new_core_approach,44.4
new_core_approach:[from_below]momentum/fixed_2r/$250,-63.17,-0.253,-200.92,106.37,23,momentum,62.1,fixed_2r,-63.17,-1839.62,-1831.92,0.43,250.0,193.12,from_below,25.0,34.5,-1.76,29,new_core_approach,44.8
new_core_approach:[from_below]momentum/fixed_3r/$50,-16.86,-0.337,-57.48,105.02,23,momentum,9.6,fixed_3r,-16.86,-876.46,-876.46,0.61,50.0,74.57,from_below,5.0,75.0,-1.63,52,new_core_approach,25.0
new_core_approach:[from_below]momentum/fixed_3r/$100,-28.92,-0.289,-103.58,95.52,23,momentum,32.5,fixed_3r,-28.92,-1442.04,-1156.7,0.55,100.0,115.87,from_below,10.0,60.0,-1.58,40,new_core_approach,37.5
new_core_approach:[from_below]momentum/fixed_3r/$150,-45.98,-0.307,-145.69,103.59,23,momentum,45.7,fixed_3r,-45.98,-1817.04,-1609.3,0.47,150.0,154.4,from_below,15.0,48.6,-1.76,35,new_core_approach,40.0
new_core_approach:[from_below]momentum/fixed_3r/$250,-54.55,-0.218,-200.92,125.6,23,momentum,62.1,fixed_3r,-54.55,-1839.62,-1581.92,0.51,250.0,221.26,from_below,25.0,34.5,-1.33,29,new_core_approach,44.8
new_core_approach:[from_below]momentum/scale_be/$50,-20.62,-0.412,-57.48,40.21,23,momentum,5.7,scale_be,-20.62,-1092.69,-1092.69,0.42,50.0,51.21,from_below,5.0,84.9,-2.93,53,new_core_approach,37.7
new_core_approach:[from_below]momentum/scale_be/$100,-31.17,-0.312,-102.86,78.48,23,momentum,25.6,scale_be,-31.17,-1382.91,-1340.39,0.5,100.0,96.3,from_below,10.0,67.4,-2.12,43,new_core_approach,39.5
new_core_approach:[from_below]momentum/scale_be/$150,-41.94,-0.28,-140.46,87.36,23,momentum,43.2,scale_be,-41.94,-1551.76,-1551.76,0.47,150.0,129.23,from_below,15.0,51.4,-1.97,37,new_core_approach,43.2
new_core_approach:[from_below]momentum/scale_be/$250,-64.72,-0.259,-200.92,102.9,23,momentum,62.1,scale_be,-64.72,-1876.92,-1876.92,0.42,250.0,188.86,from_below,25.0,34.5,-1.85,29,new_core_approach,44.8
new_core_approach:[from_below]momentum/ratchet/$50,-22.98,-0.46,-57.48,37.39,23,momentum,3.6,ratchet,-22.98,-1263.9,-1263.9,0.37,50.0,48.94,from_below,5.0,89.1,-3.48,55,new_core_approach,36.4
new_core_approach:[from_below]momentum/ratchet/$100,-30.01,-0.3,-102.86,81.42,23,momentum,25.6,ratchet,-30.01,-1332.91,-1290.39,0.52,100.0,97.48,from_below,10.0,67.4,-2.02,43,new_core_approach,39.5
new_core_approach:[from_below]momentum/ratchet/$150,-42.61,-0.284,-136.23,86.11,23,momentum,42.1,ratchet,-42.61,-1619.24,-1619.24,0.46,150.0,126.71,from_below,15.0,52.6,-2.07,38,new_core_approach,42.1
new_core_approach:[from_below]momentum/ratchet/$250,-64.72,-0.259,-200.92,102.9,23,momentum,62.1,ratchet,-64.72,-1876.92,-1876.92,0.42,250.0,188.86,from_below,25.0,34.5,-1.85,29,new_core_approach,44.8
new_core_approach:[from_below]long/fixed_1r/$50,-12.65,-0.253,-57.48,42.52,23,long,0.0,fixed_1r,-12.65,-744.08,-733.84,0.6,50.0,49.73,from_below,5.0,55.2,-1.94,58,new_core_approach,44.8
new_core_approach:[from_below]long/fixed_1r/$100,-26.99,-0.27,-98.29,83.52,23,long,15.7,fixed_1r,-26.99,-1561.52,-1376.48,0.55,100.0,91.44,from_below,10.0,51.0,-2.11,51,new_core_approach,39.2
new_core_approach:[from_below]long/fixed_1r/$150,-22.78,-0.152,-132.36,92.27,23,long,36.6,fixed_1r,-22.78,-1109.48,-934.18,0.66,150.0,122.96,from_below,15.0,36.6,-1.19,41,new_core_approach,48.8
new_core_approach:[from_below]long/fixed_1r/$250,-49.75,-0.199,-185.57,94.55,23,long,57.6,fixed_1r,-49.75,-1734.36,-1641.84,0.48,250.0,168.05,from_below,25.0,30.3,-1.7,33,new_core_approach,48.5
new_core_approach:[from_below]long/fixed_2r/$50,-17.84,-0.357,-57.48,81.27,23,long,5.4,fixed_2r,-17.84,-1033.92,-998.88,0.57,50.0,64.08,from_below,5.0,71.4,-2.08,56,new_core_approach,28.6
new_core_approach:[from_below]long/fixed_2r/$100,-21.91,-0.219,-97.3,110.02,23,long,31.8,fixed_2r,-21.91,-1364.42,-964.12,0.65,100.0,111.13,from_below,10.0,52.3,-1.31,44,new_core_approach,36.4
new_core_approach:[from_below]long/fixed_2r/$150,-39.78,-0.265,-136.53,87.21,23,long,48.6,fixed_2r,-39.78,-1574.52,-1471.76,0.49,150.0,133.22,from_below,15.0,43.2,-1.82,37,new_core_approach,43.2
new_core_approach:[from_below]long/fixed_2r/$250,-53.65,-0.215,-192.79,105.38,23,long,63.3,fixed_2r,-53.65,-1709.62,-1609.4,0.48,250.0,191.38,from_below,25.0,33.3,-1.54,30,new_core_approach,46.7
new_core_approach:[from_below]long/fixed_3r/$50,-13.01,-0.26,-57.48,107.7,23,long,9.6,fixed_3r,-13.01,-818.98,-676.46,0.69,50.0,77.48,from_below,5.0,73.1,-1.21,52,new_core_approach,26.9
new_core_approach:[from_below]long/fixed_3r/$100,-26.92,-0.269,-100.38,95.52,23,long,37.5,fixed_3r,-26.92,-1324.54,-1076.7,0.57,100.0,114.66,from_below,10.0,55.0,-1.48,40,new_core_approach,37.5
new_core_approach:[from_below]long/fixed_3r/$150,-33.69,-0.225,-136.1,102.85,23,long,51.4,fixed_3r,-33.69,-1504.6,-1179.3,0.57,150.0,152.92,from_below,15.0,42.9,-1.3,35,new_core_approach,42.9
new_core_approach:[from_below]long/fixed_3r/$250,-45.31,-0.181,-192.79,123.23,23,long,63.3,fixed_3r,-45.31,-1709.62,-1359.4,0.56,250.0,218.5,from_below,25.0,33.3,-1.14,30,new_core_approach,46.7
new_core_approach:[from_below]long/scale_be/$50,-12.13,-0.243,-57.48,42.68,23,long,5.7,scale_be,-12.13,-735.21,-642.69,0.61,50.0,54.64,from_below,5.0,81.1,-1.62,53,new_core_approach,45.3
new_core_approach:[from_below]long/scale_be/$100,-29.02,-0.29,-101.23,81.42,23,long,30.2,scale_be,-29.02,-1340.41,-1247.89,0.53,100.0,96.9,from_below,10.0,62.8,-1.96,43,new_core_approach,39.5
new_core_approach:[from_below]long/scale_be/$150,-29.64,-0.198,-130.6,89.14,23,long,48.6,scale_be,-29.64,-1219.32,-1096.76,0.58,150.0,127.93,from_below,15.0,45.9,-1.41,37,new_core_approach,45.9
new_core_approach:[from_below]long/scale_be/$250,-55.15,-0.221,-192.79,102.16,23,long,63.3,scale_be,-55.15,-1746.92,-1654.4,0.46,250.0,187.31,from_below,25.0,33.3,-1.61,30,new_core_approach,46.7
new_core_approach:[from_below]long/ratchet/$50,-14.67,-0.293,-57.48,38.42,23,long,3.6,ratchet,-14.67,-821.38,-821.38,0.54,50.0,51.46,from_below,5.0,87.5,-2.13,56,new_core_approach,44.6
new_core_approach:[from_below]long/ratchet/$100,-27.86,-0.279,-101.23,84.36,23,long,27.9,ratchet,-27.86,-1290.41,-1197.89,0.54,100.0,98.04,from_below,10.0,65.1,-1.86,43,new_core_approach,39.5
new_core_approach:[from_below]long/ratchet/$150,-30.64,-0.204,-126.65,87.96,23,long,47.4,ratchet,-30.64,-1281.76,-1164.24,0.56,150.0,125.5,from_below,15.0,47.4,-1.5,38,new_core_approach,44.7
new_core_approach:[from_below]long/ratchet/$250,-55.15,-0.221,-192.79,102.16,23,long,63.3,ratchet,-55.15,-1746.92,-1654.4,0.46,250.0,187.31,from_below,25.0,33.3,-1.61,30,new_core_approach,46.7
