date,ts,slot,core,spot,gex_value,reason
2026-08-03,2026-08-03 13:41:41.627+00,0,7590,7539.225,28943303000,open
2026-08-04,2026-08-04 13:29:29.774+00,0,7650,7600.5,41745097000,open
2026-08-04,2026-08-04 15:00:02.618+00,6,7700,7685.31,48187245000,change
2026-08-04,2026-08-04 19:00:09.49+00,22,7730,7745.04,16777562000,change
2026-08-04,2026-08-04 19:15:09.773+00,23,7770,7752.415,13072435000,change
2026-08-04,2026-08-04 19:30:22.929+00,24,7730,7750.005,13011163000,change
2026-08-04,2026-08-04 19:45:22.24+00,25,7770,7754.755,13106499000,change
2026-08-04,2026-08-04 20:00:23.099+00,26,7730,7737.995,14996336000,change
2026-08-05,2026-08-05 13:29:24.75+00,0,7800,7736.52,17618119000,open
2026-08-05,2026-08-05 16:00:02.196+00,10,7740,7734.915,5953900500,change
2026-08-06,2026-08-06 13:29:25.535+00,0,7700,7720.995,-1240618100,open
2026-08-06,2026-08-06 14:15:27.547+00,3,7770,7739.85,3650140400,change
2026-08-06,2026-08-06 14:30:14.896+00,4,7700,7728.61,2002357400,change
2026-08-07,2026-08-07 13:29:19.029+00,0,7750,7709.96,16102371000,open
2026-08-07,2026-08-07 15:30:20.102+00,8,7775,7760.48,30066543000,change
2026-08-07,2026-08-07 15:45:22.83+00,9,7750,7756.62,26919752000,change
2026-08-07,2026-08-07 18:45:01.298+00,21,7740,7736.66,24939004000,change
2026-08-07,2026-08-07 19:03:18.406+00,22,7750,7743.96,30800585000,change
2026-08-10,2026-08-10 13:29:25.247+00,0,7775,7749.1,5421062000,open
2026-08-10,2026-08-10 18:30:00.498+00,20,7750,7749.82,3619487000,change
2026-08-10,2026-08-10 19:00:01.999+00,22,7775,7753.33,6382292500,change
2026-08-10,2026-08-10 19:15:11.524+00,23,7760,7756,7298395600,change
2026-08-10,2026-08-10 19:30:24.401+00,24,7750,7752.61,4623379500,change
2026-08-10,2026-08-10 19:45:24.421+00,25,7760,7753.72,5339294000,change
2026-08-10,2026-08-10 20:00:24.536+00,26,7750,7749.67,2171511800,change
2026-08-11,2026-08-11 13:29:24.555+00,0,7780,7753.11,6784497700,open
2026-08-11,2026-08-11 15:30:29.35+00,8,7725,7749.59,-2864994000,change
2026-08-11,2026-08-11 15:45:29.28+00,9,7715,7742.71,-7290708500,change
2026-08-11,2026-08-11 16:15:29.751+00,11,7725,7745.2,-3661088000,change
2026-08-11,2026-08-11 16:30:08.662+00,12,7715,7740.105,-9118108000,change
2026-08-11,2026-08-11 16:45:08.445+00,13,7725,7740.45,-7592128000,change
2026-08-11,2026-08-11 17:15:10.019+00,15,7715,7727.925,-13763830000,change
2026-08-11,2026-08-11 17:45:05.886+00,17,7725,7734.72,-12481028000,change
2026-08-11,2026-08-11 18:30:14.858+00,20,7715,7722.11,-19111975000,change
2026-08-11,2026-08-11 19:00:03.828+00,22,7725,7725.76,-17618287000,change
2026-08-11,2026-08-11 19:15:04.015+00,23,7715,7724.23,-20736393000,change
2026-08-11,2026-08-11 19:30:01.322+00,24,7725,7728.65,-16991943000,change
2026-08-12,2026-08-12 13:29:25.309+00,0,7800,7730.68,12622367000,open
2026-08-12,2026-08-12 13:47:06.838+00,1,7780,7749.555,6311374300,change
2026-08-12,2026-08-12 14:50:51.286+00,5,7760,7746.18,10365473000,change
2026-08-12,2026-08-12 15:30:26.905+00,8,7740,7743.64,-51092767000,change
2026-08-12,2026-08-12 16:15:02.549+00,11,7760,7746.435,-5802308600,change
2026-08-12,2026-08-12 19:50:05.325+00,25,7755,7751.47,99883180000,change
2026-08-12,2026-08-12 20:00:15.205+00,26,7745,7748.77,-658718850000,change
2026-08-13,2026-08-13 13:29:21.468+00,0,7800,7744.465,10940209000,open
2026-08-13,2026-08-13 14:30:22.17+00,4,7820,7814.9,232826160000,change
2026-08-13,2026-08-13 15:30:05.592+00,8,7810,7789.4,113722500000,change
2026-08-13,2026-08-13 15:45:06.18+00,9,7780,7783.31,-24478780000,change
2026-08-13,2026-08-13 16:15:11.044+00,11,7800,7783.98,-11825747000,change
2026-08-14,2026-08-14 13:29:18.924+00,0,7810,7796.29,32165593000,open
2026-08-14,2026-08-14 15:15:18.325+00,7,7780,7787.42,-76317925000,change
2026-08-17,2026-08-17 13:29:18.474+00,0,7755,7782.05,-749319360,open
2026-08-17,2026-08-17 14:00:05.751+00,2,7770,7776.12,-24468870000,change
2026-08-17,2026-08-17 17:30:13.321+00,16,7760,7755.76,-425677360000,change
2026-08-17,2026-08-17 18:00:13.546+00,18,7750,7755.49,-542791660000,change
2026-08-17,2026-08-17 18:30:10.705+00,20,7755,7757.87,-591332050000,change
2026-08-17,2026-08-17 18:45:10.823+00,21,7750,7755.305,-662369300000,change
2026-08-17,2026-08-17 19:00:11.22+00,22,7755,7756.395,-645329300000,change
2026-08-17,2026-08-17 19:15:02.431+00,23,7750,7752.95,-803918050000,change
2026-08-18,2026-08-18 13:29:10.936+00,0,7700,7745.06,-20706812000,open
2026-08-18,2026-08-18 20:00:27.591+00,26,7695,7693.81,-1352936200000,change
2026-08-19,2026-08-19 13:29:15.947+00,0,7720,7694.265,23400736,open
2026-08-19,2026-08-19 13:45:16.134+00,1,7730,7721.18,2346463000,change
2026-08-19,2026-08-19 14:45:27.095+00,5,7740,7731.975,115624380000,change
2026-08-19,2026-08-19 15:00:10.771+00,6,7750,7735.3,146760730000,change
2026-08-19,2026-08-19 15:30:27.631+00,8,7740,7731.03,125168845000,change
2026-08-19,2026-08-19 16:15:04.497+00,11,7750,7736.01,273445770000,change
2026-08-19,2026-08-19 16:30:21.491+00,12,7740,7731.725,243919750000,change
2026-08-19,2026-08-19 17:00:01.367+00,14,7700,7717.76,-83722810000,change
2026-08-19,2026-08-19 17:45:01.901+00,17,7710,7712.96,-254422560000,change
2026-08-19,2026-08-19 19:30:02.903+00,24,7715,7716.11,-103258490000,change
2026-08-19,2026-08-19 19:45:03.006+00,25,7710,7710.59,-733314300000,change
2026-08-19,2026-08-19 20:00:03.242+00,26,7705,7708.27,-1263802300000,change
2026-08-20,2026-08-20 13:29:19.011+00,0,7650,7711.47,-19731534000,open
2026-08-20,2026-08-20 13:45:19.138+00,1,7720,7696.25,-6623401000,change
2026-08-20,2026-08-20 14:00:07.065+00,2,7710,7688.44,-15263464000,change
2026-08-20,2026-08-20 14:15:06.598+00,3,7700,7682.53,-26996496000,change
2026-08-20,2026-08-20 15:45:07.586+00,9,7670,7674.87,-114887385000,change
2026-08-20,2026-08-20 16:45:08.233+00,13,7700,7683.58,-42495900000,change
2026-08-20,2026-08-20 17:00:08.133+00,14,7670,7679.82,-61706740000,change
2026-08-20,2026-08-20 17:45:08.43+00,17,7660,7662.58,-437318600000,change
2026-08-20,2026-08-20 18:15:10.191+00,19,7650,7653.115,-560784200000,change
2026-08-20,2026-08-20 20:00:11.23+00,26,7640,7640.89,-1250719300000,change
2026-08-21,2026-08-21 13:29:22.417+00,0,7640,7641.16,-8193999400,open
2026-08-21,2026-08-21 14:15:07.273+00,3,7680,7671.705,1595741800,change
2026-08-21,2026-08-21 15:45:23.3+00,9,7700,7690.635,267285220000,change
2026-08-21,2026-08-21 17:00:24.175+00,14,7690,7681.875,132005090000,change
2026-08-21,2026-08-21 18:00:13.629+00,18,7665,7673.65,5382806500,change
2026-08-21,2026-08-21 18:30:25.886+00,20,7670,7672.11,-115346660000,change
2026-08-21,2026-08-21 18:45:01.936+00,21,7665,7671.58,-192832980000,change
2026-08-21,2026-08-21 19:00:22.577+00,22,7680,7680.67,190766400000,change
2026-08-21,2026-08-21 19:15:02.222+00,23,7685,7679.345,384893800000,change
2026-08-21,2026-08-21 19:30:02.55+00,24,7680,7680.715,339337380000,change
2026-08-21,2026-08-21 19:45:02.76+00,25,7685,7681.505,584611800000,change
2026-08-21,2026-08-21 20:00:03.096+00,26,7680,7673.26,346335580000,change
2026-08-24,2026-08-24 13:29:53.4+00,0,7630,7670.215,-9149414000,open
2026-08-24,2026-08-24 14:45:03.304+00,5,7670,7658.855,21261863000,change
2026-08-24,2026-08-24 15:00:03.331+00,6,7660,7655.35,5039139300,change
2026-08-24,2026-08-24 15:15:03.467+00,7,7640,7647.73,-69177360000,change
2026-08-24,2026-08-24 15:31:03.035+00,8,7660,7656.115,26331280000,change
2026-08-24,2026-08-24 16:00:12.842+00,10,7670,7660.47,157148400000,change
2026-08-24,2026-08-24 17:45:14.303+00,17,7650,7652.225,-213572860000,change
2026-08-24,2026-08-24 18:30:14.708+00,20,7670,7664.125,449955630000,change
2026-08-24,2026-08-24 19:00:14.874+00,22,7665,7658.97,171871630000,change
2026-08-24,2026-08-24 19:45:10.561+00,25,7650,7654.43,-213414530000,change
2026-08-25,2026-08-25 13:29:18.183+00,0,7690,7652.86,12435431000,open
2026-08-25,2026-08-25 13:45:28.068+00,1,7700,7684.265,22324576000,change
2026-08-25,2026-08-25 14:30:18.595+00,4,7650,7665.545,-27060455000,change
2026-08-25,2026-08-25 16:00:06.73+00,10,7680,7672.425,79286346000,change
2026-08-25,2026-08-25 17:45:22.029+00,17,7660,7666.85,-79651730000,change
2026-08-25,2026-08-25 18:00:21.862+00,18,7675,7668.24,52408893000,change
2026-08-25,2026-08-25 18:15:21.887+00,19,7660,7668.66,-75012915000,change
2026-08-25,2026-08-25 18:45:02.624+00,21,7675,7673.71,372718930000,change
2026-08-25,2026-08-25 20:00:03.12+00,26,7680,7678.25,1355413700000,change
2026-08-26,2026-08-26 13:29:01.554+00,0,7655,7675.985,-4379933000,open
2026-08-26,2026-08-26 13:45:01.477+00,1,7690,7682.53,29430581000,change
2026-08-26,2026-08-26 14:00:01.681+00,2,7700,7685.44,76500440000,change
2026-08-26,2026-08-26 14:15:01.776+00,3,7690,7680.95,52001386000,change
2026-08-26,2026-08-26 14:30:01.862+00,4,7660,7669.725,-38077080000,change
2026-08-26,2026-08-26 15:00:01.985+00,6,7685,7676.23,73662670000,change
2026-08-26,2026-08-26 15:15:02.131+00,7,7690,7679.68,153578880000,change
2026-08-26,2026-08-26 15:30:02.199+00,8,7685,7677.8,68507312000,change
2026-08-26,2026-08-26 16:15:02.662+00,11,7660,7669.81,-54153855000,change
2026-08-26,2026-08-26 17:30:03.009+00,16,7680,7674.435,175635940000,change
2026-08-26,2026-08-26 19:15:03.773+00,23,7685,7686.79,992052640000,change
2026-08-26,2026-08-26 19:30:03.92+00,24,7690,7686.81,1104479500000,change
2026-08-26,2026-08-26 19:45:03.98+00,25,7685,7684.665,1092402300000,change
2026-08-26,2026-08-26 20:00:04.166+00,26,7680,7676.3,675334000000,change
2026-08-27,2026-08-27 13:29:21.465+00,0,7740,7680.205,6433357000,open
2026-08-27,2026-08-27 13:45:06.717+00,1,7730,7704.4,24793640000,change
2026-08-27,2026-08-27 14:00:26.769+00,2,7720,7699.725,33695883000,change
2026-08-27,2026-08-27 14:15:26.862+00,3,7730,7705.735,46583443000,change
2026-08-27,2026-08-27 14:45:17.142+00,5,7730,7714.06,100684360000,open
2026-08-27,2026-08-27 14:45:17.142+00,5,7800,7712.97,9551002000,open
2026-08-27,2026-08-27 14:45:17.142+00,5,7750,7712.97,4535873000,open
2026-08-27,2026-08-27 17:00:08.448+00,14,7740,7736.345,572165700000,change
2026-08-27,2026-08-27 17:00:08.448+00,14,7735,7736.345,542862400000,change
2026-08-27,2026-08-27 17:15:08.538+00,15,7740,7739.49,616215000000,change
2026-08-27,2026-08-27 17:15:08.538+00,15,7800,7736.07,15504413000,change
2026-08-27,2026-08-27 17:30:08.628+00,16,7750,7738.595,16500603000,change
2026-08-27,2026-08-27 18:15:21.785+00,19,7730,7720.56,183983100000,change
2026-08-27,2026-08-27 18:15:21.785+00,19,7730,7720.56,166037960000,change
2026-08-27,2026-08-27 18:30:17.343+00,20,7700,7712.75,-97292990000,change
2026-08-27,2026-08-27 18:30:17.343+00,20,7700,7712.75,-109386010000,change
2026-08-27,2026-08-27 18:45:16.897+00,21,7730,7718.085,78429544000,change
2026-08-27,2026-08-27 18:45:16.897+00,21,7730,7718.085,62570860000,change
2026-08-27,2026-08-27 18:45:16.897+00,21,7750,7714.02,11390325000,change
2026-08-27,2026-08-27 19:00:20.41+00,22,7700,7715.66,-97569740000,change
2026-08-27,2026-08-27 19:00:20.41+00,22,7700,7715.66,-110631260000,change
2026-08-27,2026-08-27 19:15:08.363+00,23,7730,7719.9,184093160000,change
2026-08-27,2026-08-27 19:15:08.363+00,23,7730,7719.9,166875120000,change
2026-08-27,2026-08-27 19:30:27.731+00,24,7710,7717.8,-46940217000,change
2026-08-27,2026-08-27 19:30:27.731+00,24,7710,7717.8,-59888830000,change
2026-08-27,2026-08-27 19:45:27.39+00,25,7730,7724.12,633889200000,change
2026-08-27,2026-08-27 19:45:27.39+00,25,7730,7724.12,614298800000,change
2026-08-28,2026-08-28 13:29:26.757+00,0,7770,7730.99,10193659000,open
2026-08-28,2026-08-28 13:29:26.757+00,0,7800,7730.99,8197930000,open
2026-08-28,2026-08-28 13:45:27.103+00,1,7790,7745.8,32605157000,change
2026-08-28,2026-08-28 13:45:27.103+00,1,7790,7745.8,19380154000,open
2026-08-28,2026-08-28 13:45:27.103+00,1,7870,7738.2,931854200,open
2026-08-28,2026-08-28 14:00:13.605+00,2,7750,7741.17,37168103000,change
2026-08-28,2026-08-28 14:00:13.605+00,2,7750,7741.17,26442824000,change
2026-08-28,2026-08-28 14:00:13.605+00,2,7800,7736.56,990193900,change
2026-08-28,2026-08-28 15:00:26.64+00,6,7770,7766.645,258166100000,change
2026-08-28,2026-08-28 15:00:26.64+00,6,7770,7766.645,229540740000,change
2026-08-28,2026-08-28 16:00:18.279+00,10,7720,7727.73,-64900780000,change
2026-08-28,2026-08-28 16:00:18.279+00,10,7720,7727.73,-73030975000,change
2026-08-28,2026-08-28 16:01:42.434+00,10,7700,7722.945,-98791664,change
2026-08-28,2026-08-28 16:45:26.42+00,13,7700,7717.8,-282939800000,change
2026-08-28,2026-08-28 17:00:26.528+00,14,7700,7716.89,-280648700000,change
2026-08-28,2026-08-28 17:00:26.528+00,14,7650,7716.89,559344700,change
2026-08-28,2026-08-28 19:30:20.92+00,24,7730,7711.595,561891500,change
2026-08-28,2026-08-28 19:30:20.92+00,24,7730,7711.595,-377743970,change
2026-08-28,2026-08-28 20:00:21.591+00,26,7710,7712.48,-343276130000,change
2026-08-28,2026-08-28 20:00:21.591+00,26,7710,7712.48,-339328300000,change
2026-08-31,2026-08-31 13:29:02.344+00,0,7650,7709.95,-7025777700,open
2026-08-31,2026-08-31 13:29:02.344+00,0,7550,7709.95,-10596287000,open
2026-08-31,2026-08-31 13:32:49.907+00,0,7750,7690.38,553751400,open
2026-08-31,2026-08-31 13:45:29.911+00,1,7680,7676.93,-28587647000,change
2026-08-31,2026-08-31 13:45:29.911+00,1,7680,7676.93,-19020675000,open
2026-08-31,2026-08-31 13:45:29.911+00,1,7650,7690.38,-9162286000,change
2026-08-31,2026-08-31 14:00:29.245+00,2,7650,7680.025,-21765372000,change
2026-08-31,2026-08-31 14:00:29.245+00,2,7700,7680.025,-12022898000,change
2026-08-31,2026-08-31 14:00:29.245+00,2,7730,7680.025,710754750,change
2026-08-31,2026-08-31 14:15:11.847+00,3,7650,7672.94,264632180,change
2026-08-31,2026-08-31 14:30:11.128+00,4,7650,7665.325,-57391665000,change
2026-08-31,2026-08-31 14:45:11.272+00,5,7700,7675.96,-10400659000,change
2026-08-31,2026-08-31 14:45:11.272+00,5,7700,7675.96,371150270,change
2026-08-31,2026-08-31 14:45:11.272+00,5,7500,7666.805,-1976879400,change
2026-08-31,2026-08-31 15:00:23.42+00,6,7730,7675.15,177285100,change
2026-08-31,2026-08-31 15:15:16.315+00,7,7700,7677.205,-134290830,change
2026-08-31,2026-08-31 16:00:27.138+00,10,7670,7671.68,-49316360000,change
2026-08-31,2026-08-31 16:00:27.138+00,10,7670,7671.68,-36864074000,change
2026-08-31,2026-08-31 16:45:01.847+00,13,7685,7674.88,-29261410000,change
2026-08-31,2026-08-31 17:00:02.069+00,14,7685,7676.81,-4194656800,change
2026-08-31,2026-08-31 17:30:02.965+00,16,7670,7672.44,-16258604000,change
2026-08-31,2026-08-31 17:45:03.363+00,17,7685,7679.13,72075256000,change
2026-08-31,2026-08-31 18:00:03.535+00,18,7700,7684.85,-2921832400,change
2026-08-31,2026-08-31 18:45:04.082+00,21,7670,7672.58,-202035020000,change
2026-08-31,2026-08-31 18:45:04.082+00,21,7670,7671.365,-302817050000,change
2026-08-31,2026-08-31 19:00:04.178+00,22,7650,7674.21,-12310710000,change
2026-08-31,2026-08-31 19:15:04.215+00,23,7685,7678.68,124126280000,change
2026-08-31,2026-08-31 19:15:04.215+00,23,7685,7678.68,137263340000,change
2026-08-31,2026-08-31 19:15:04.215+00,23,7700,7678.68,-6799487000,change
2026-08-31,2026-08-31 20:00:04.367+00,26,7690,7691.36,1083450200000,change
2026-08-31,2026-08-31 20:00:04.367+00,26,7690,7691.36,1090698100000,change
2026-09-01,2026-09-01 13:29:03.441+00,0,7625,7686.14,-15423232000,open
2026-09-01,2026-09-01 13:29:03.441+00,0,7500,7686.14,-22456402000,open
2026-09-01,2026-09-01 13:45:03.406+00,1,7600,7633.29,-31415237000,change
2026-09-01,2026-09-01 13:45:03.406+00,1,7600,7633.29,-15070666000,open
2026-09-01,2026-09-01 13:45:03.406+00,1,7600,7628.715,-21149186000,change
2026-09-01,2026-09-01 13:45:03.406+00,1,7680,7628.715,199861250,open
2026-09-01,2026-09-01 14:00:03.776+00,2,7600,7637.31,-191398190,change
2026-09-01,2026-09-01 14:15:04.056+00,3,7660,7642.28,17191440000,change
2026-09-01,2026-09-01 14:15:04.056+00,3,7660,7642.28,32134593000,change
2026-09-01,2026-09-01 14:30:04.622+00,4,7700,7653.51,3881373400,change
2026-09-01,2026-09-01 14:45:05.425+00,5,7680,7659.32,136610824000,change
2026-09-01,2026-09-01 15:00:05.652+00,6,7660,7650.53,94791830000,change
2026-09-01,2026-09-01 16:30:06.971+00,12,7630,7641.57,-133243540000,change
2026-09-01,2026-09-01 16:30:06.971+00,12,7630,7641.57,-116036820000,change
2026-09-01,2026-09-01 16:45:03.223+00,13,7600,7638.725,-2467862300,change
2026-09-01,2026-09-01 18:45:04.958+00,21,7620,7619.02,-737526740000,change
2026-09-01,2026-09-01 18:45:04.958+00,21,7620,7619.02,-715811800000,change
2026-09-01,2026-09-01 19:30:05.723+00,24,7625,7629.12,-723202300000,change
2026-09-01,2026-09-01 19:30:05.723+00,24,7625,7629.12,-703878000000,change
2026-09-02,2026-09-02 13:29:15.408+00,0,7675,7631.47,-799173400,open
2026-09-02,2026-09-02 13:29:15.408+00,0,7600,7631.47,-17963772000,open
2026-09-02,2026-09-02 13:45:16.542+00,1,7660,7643.05,17029314000,change
2026-09-02,2026-09-02 13:45:16.542+00,1,7660,7643.05,16449278000,open
2026-09-02,2026-09-02 13:45:16.542+00,1,7625,7636.355,74427320,open
2026-09-02,2026-09-02 14:00:05.242+00,2,7650,7642.895,32243468000,change
2026-09-02,2026-09-02 14:00:05.242+00,2,7650,7642.895,32023726000,change
2026-09-02,2026-09-02 14:00:05.242+00,2,7700,7637.23,732922100,change
2026-09-02,2026-09-02 14:15:05.311+00,3,7660,7656.47,110238820000,change
2026-09-02,2026-09-02 14:15:05.311+00,3,7660,7656.47,100857780000,change
2026-09-02,2026-09-02 14:30:05.576+00,4,7675,7671.75,165717430000,change
2026-09-02,2026-09-02 14:30:05.576+00,4,7670,7671.75,150443180000,change
2026-09-02,2026-09-02 14:45:06.188+00,5,7675,7678.86,180431540000,change
2026-09-02,2026-09-02 14:48:09.275+00,5,7720,7678.21,8475980000,change
2026-09-02,2026-09-02 15:00:17.961+00,6,7680,7671.78,174530000000,change
2026-09-02,2026-09-02 15:15:18.085+00,7,7680,7670.41,198767350000,change
2026-09-02,2026-09-02 15:30:18.135+00,8,7685,7679.19,291985800000,change
2026-09-02,2026-09-02 15:30:18.135+00,8,7685,7679.19,270275790000,change
2026-09-02,2026-09-02 16:00:18.351+00,10,7680,7674.685,211255620000,change
2026-09-02,2026-09-02 16:00:18.351+00,10,7680,7674.685,193135410000,change
2026-09-02,2026-09-02 16:00:18.351+00,10,7700,7674.685,6191686700,change
2026-09-02,2026-09-02 17:30:26.601+00,16,7675,7663.84,76858065000,change
2026-09-02,2026-09-02 17:30:26.601+00,16,7675,7663.84,60248932000,change
2026-09-02,2026-09-02 18:00:26.928+00,18,7700,7667.87,-2992788700,change
2026-09-02,2026-09-02 19:00:27.326+00,22,7660,7664.14,39019990000,change
2026-09-02,2026-09-02 19:15:27.418+00,23,7675,7670.06,452681430000,change
2026-09-02,2026-09-02 20:00:27.885+00,26,7665,7666.33,15663909000,change
2026-09-02,2026-09-02 20:00:27.885+00,26,7665,7666.33,-6131902500,change
2026-09-03,2026-09-03 13:29:04.268+00,0,7720,7666.6,11513724000,open
2026-09-03,2026-09-03 13:33:18.93+00,0,7700,7700.89,14573666000,open
2026-09-03,2026-09-03 13:29:04.268+00,0,7825,7666.6,857672060,open
2026-09-03,2026-09-03 13:33:18.93+00,0,7730,7705.1,3065645800,open
2026-09-03,2026-09-03 13:45:28.332+00,1,7720,7713.41,53833180000,change
2026-09-03,2026-09-03 14:00:28.862+00,2,7740,7716.265,6131415600,change
2026-09-03,2026-09-03 14:30:04.559+00,4,7720,7703.15,5674367500,change
2026-09-03,2026-09-03 14:45:06.298+00,5,7750,7701.3,6670962000,change
2026-09-03,2026-09-03 15:00:06.388+00,6,7750,7703.015,12758256000,change
2026-09-03,2026-09-03 15:15:06.489+00,7,7825,7721.86,25917475000,change
2026-09-03,2026-09-03 15:30:06.566+00,8,7740,7737.06,419522400000,change
2026-09-03,2026-09-03 15:30:06.566+00,8,7740,7737.06,387506730000,change
2026-09-03,2026-09-03 16:00:29.752+00,10,7750,7747.05,501623100000,change
2026-09-03,2026-09-03 16:00:29.752+00,10,7750,7747.05,466274220000,change
2026-09-03,2026-09-03 18:45:09.404+00,21,7760,7751.83,1087526600000,change
2026-09-03,2026-09-03 18:45:09.404+00,21,7755,7751.83,1049690800000,change
2026-09-03,2026-09-03 19:00:09.781+00,22,7750,7751.16,1050392850000,change
2026-09-03,2026-09-03 19:00:09.781+00,22,7750,7751.16,1013355300000,change
2026-09-03,2026-09-03 19:15:09.857+00,23,7755,7751.4,1145446700000,change
2026-09-03,2026-09-03 19:15:09.857+00,23,7755,7751.4,1109236500000,change
2026-09-03,2026-09-03 19:30:10.594+00,24,7750,7750.335,1061037740000,change
2026-09-03,2026-09-03 19:30:10.594+00,24,7750,7750.335,1023765050000,change
2026-09-03,2026-09-03 20:00:10.89+00,26,7780,7749.95,46366210000,change
2026-09-04,2026-09-04 13:29:25.121+00,0,7755,7737.5,6407995000,open
2026-09-04,2026-09-04 13:29:25.121+00,0,7825,7737.5,11423859000,open
2026-09-04,2026-09-04 13:45:24.884+00,1,7750,7737.35,21694446000,change
2026-09-04,2026-09-04 13:45:24.884+00,1,7750,7737.35,13682943000,open
2026-09-04,2026-09-04 13:45:24.884+00,1,7800,7737.35,1938152400,open
2026-09-04,2026-09-04 14:00:12.678+00,2,7700,7739.935,2104494000,change
2026-09-04,2026-09-04 14:15:26.827+00,3,7800,7731.41,2534531800,change
2026-09-04,2026-09-04 15:00:24.806+00,6,7700,7715.29,-122898220000,change
2026-09-04,2026-09-04 15:00:24.806+00,6,7700,7715.29,-116841800000,change
2026-09-04,2026-09-04 15:00:24.806+00,6,7750,7715.29,-486179800,change
2026-09-04,2026-09-04 16:45:18.013+00,13,7730,7724.95,29018376000,change
2026-09-04,2026-09-04 16:45:18.013+00,13,7730,7724.95,29731232000,change
2026-09-04,2026-09-04 17:05:45.74+00,14,7700,7720.63,-55188340000,change
2026-09-04,2026-09-04 17:05:45.74+00,14,7700,7720.63,-50908295000,change
2026-09-04,2026-09-04 17:15:25.84+00,15,7710,7719.44,-87734150000,change
2026-09-04,2026-09-04 17:15:25.84+00,15,7710,7719.41,-113816540000,change
2026-09-04,2026-09-04 17:45:26.139+00,17,7700,7710.31,-430752920000,change
2026-09-04,2026-09-04 17:45:26.139+00,17,7700,7710.31,-418548650000,change
2026-09-04,2026-09-04 17:45:26.139+00,17,7750,7710.31,-1223548900,change
2026-09-04,2026-09-04 18:30:26.359+00,20,7710,7713.765,-309078720000,change
2026-09-04,2026-09-04 18:30:26.359+00,20,7710,7713.765,-299913380000,change
2026-09-04,2026-09-04 20:00:27.4+00,26,7720,7717.865,78696190000,change
2026-09-04,2026-09-04 20:00:27.4+00,26,7720,7717.865,84189580000,change
