day,unlevered_equity,voltargeted_equity,leverage
20231103,1.000000,1.000000,0.000
20231106,1.000000,1.000000,0.000
20231107,1.000000,1.000000,0.000
20231108,1.000000,1.000000,0.000
20231109,1.000000,1.000000,0.000
20231110,1.000000,1.000000,0.000
20231113,1.000000,1.000000,0.000
20231114,1.000000,1.000000,0.000
20231115,1.000000,1.000000,0.000
20231116,1.000000,1.000000,0.000
20231117,1.000000,1.000000,0.000
20231120,1.000000,1.000000,0.000
20231121,1.000000,1.000000,0.000
20231122,1.000000,1.000000,0.000
20231123,1.000000,1.000000,0.000
20231124,1.000000,1.000000,0.000
20231127,1.000000,1.000000,0.000
20231128,1.000000,1.000000,0.000
20231129,1.000000,1.000000,0.000
20231130,1.000000,1.000000,0.000
20231201,1.002911,1.000000,0.000
20231204,1.002911,1.000000,6.000
20231205,1.002126,0.995305,6.000
20231206,1.005929,1.017963,6.000
20231207,1.005072,1.012761,6.000
20231208,1.005266,1.013937,6.000
20231211,1.006307,1.020233,6.000
20231212,1.008903,1.036026,6.000
20231213,1.009262,1.038241,6.000
20231214,1.007625,1.028136,6.000
20231215,1.007625,1.028136,6.000
20231218,1.005644,1.016009,6.000
20231219,1.006797,1.022994,6.000
20231220,1.002789,0.998563,6.000
20231221,0.998833,0.974926,6.000
20231222,0.996277,0.959959,6.000
20231225,0.996277,0.959959,6.000
20231226,0.996323,0.960222,6.000
20231227,0.996323,0.960222,6.000
20231228,0.996323,0.960222,6.000
20231229,0.993441,0.943555,6.000
20240101,0.993441,0.943555,6.000
20240102,0.993976,0.946604,6.000
20240103,0.993791,0.945551,6.000
20240104,0.989230,0.919513,6.000
20240105,0.987110,0.907690,6.000
20240108,0.993226,0.941431,6.000
20240109,0.992526,0.937450,6.000
20240110,0.990822,0.927792,6.000
20240111,0.986285,0.902300,6.000
20240112,0.986691,0.904532,6.000
20240115,0.986691,0.904532,6.000
20240116,0.984673,0.893430,6.000
20240117,0.982817,0.883326,6.000
20240118,0.984215,0.890869,6.000
20240119,0.989421,0.919138,6.000
20240122,0.989421,0.919138,6.000
20240123,0.989421,0.919138,6.000
20240124,0.990312,0.924105,6.000
20240125,0.988044,0.911409,6.000
20240126,0.988044,0.911409,6.000
20240129,0.989415,0.918997,6.000
20240130,0.989415,0.918997,6.000
20240131,0.987566,0.908694,6.000
20240201,0.996630,0.958731,6.000
20240202,0.999990,0.978128,6.000
20240205,0.998136,0.967243,6.000
20240206,0.998136,0.967243,6.000
20240207,0.998533,0.969552,6.000
20240208,0.998533,0.969552,6.000
20240209,0.999984,0.978006,6.000
20240212,0.998642,0.970132,6.000
20240213,0.996979,0.960438,6.000
20240214,0.995367,0.951121,6.000
20240215,0.997953,0.965944,6.000
20240216,0.996623,0.958222,6.000
20240219,0.996623,0.958222,6.000
20240220,0.993340,0.939283,6.000
20240221,0.989685,0.918545,6.000
20240222,0.990431,0.922699,6.000
20240223,0.988636,0.912666,6.000
20240226,0.989542,0.917686,6.000
20240227,0.987022,0.903662,6.000
20240228,0.987022,0.903662,6.000
20240229,0.984641,0.890582,6.000
20240301,0.986860,0.902625,6.000
20240304,0.985053,0.892711,6.000
20240305,0.985729,0.896388,6.000
20240306,0.983516,0.884310,6.000
20240307,0.982737,0.880110,6.000
20240308,0.982372,0.878148,6.000
20240311,0.982372,0.878148,6.000
20240312,0.983016,0.881602,6.000
20240313,0.981536,0.873638,6.000
20240314,0.979920,0.865008,6.000
20240315,0.979920,0.865008,6.000
20240318,0.979920,0.865008,6.000
20240319,0.982240,0.877297,6.000
20240320,0.987407,0.904982,6.000
20240321,0.987407,0.904982,6.000
20240322,0.987407,0.904982,6.000
20240325,0.987407,0.904982,6.000
20240326,0.987702,0.906605,6.000
20240327,0.982866,0.879972,6.000
20240328,0.982866,0.879972,6.000
20240401,0.981950,0.875052,6.000
20240402,0.981950,0.875052,6.000
20240403,0.981891,0.874737,6.000
20240404,0.987002,0.902058,6.000
20240405,0.987907,0.907020,6.000
20240408,0.987907,0.907020,6.000
20240409,0.987099,0.902571,6.000
20240410,0.987099,0.902571,6.000
20240411,0.982848,0.879247,6.000
20240412,0.984540,0.888328,6.000
20240415,0.989125,0.913150,6.000
20240416,0.985919,0.895394,6.000
20240417,0.990647,0.921155,6.000
20240418,0.987727,0.904865,6.000
20240419,0.985861,0.894606,6.000
20240422,0.980879,0.867484,6.000
20240423,0.982519,0.876184,6.000
20240424,0.979847,0.861890,6.000
20240425,0.987170,0.900535,6.000
20240426,0.985832,0.893215,6.000
20240429,0.985832,0.893215,5.997
20240430,0.992605,0.930036,6.000
20240501,0.984573,0.888722,5.490
20240502,0.980133,0.869286,4.849
20240503,0.980133,0.869286,4.915
20240506,0.979794,0.867806,4.927
20240507,0.979794,0.867806,4.928
20240508,0.978695,0.863010,4.929
20240509,0.979579,0.866847,4.926
20240510,0.979579,0.866847,5.046
20240513,0.978990,0.864202,5.077
20240514,0.979241,0.865378,5.310
20240515,0.982065,0.878819,5.385
20240516,0.982065,0.878819,5.559
20240517,0.982065,0.878819,5.635
20240520,0.982065,0.878819,5.667
20240521,0.981858,0.877709,5.991
20240522,0.977956,0.856779,6.000
20240523,0.983367,0.884811,5.914
20240524,0.981384,0.874108,6.000
20240527,0.981384,0.874108,6.000
20240528,0.978664,0.859570,6.000
20240529,0.978664,0.859570,6.000
20240530,0.978413,0.858247,6.000
20240531,0.977542,0.853665,6.000
20240603,0.975984,0.845504,6.000
20240604,0.974263,0.836554,6.000
20240605,0.977509,0.853279,6.000
20240606,0.975809,0.844373,6.000
20240607,0.970372,0.816147,6.000
20240610,0.971311,0.820884,6.000
20240611,0.972738,0.828120,6.000
20240612,0.972738,0.828120,6.000
20240613,0.969584,0.812014,6.000
20240614,0.969826,0.813229,6.000
20240617,0.973377,0.831095,6.000
20240618,0.973377,0.831095,6.000
20240619,0.973377,0.831095,6.000
20240620,0.973792,0.833220,6.000
20240621,0.973792,0.833220,6.000
20240624,0.970065,0.814084,6.000
20240625,0.970065,0.814084,6.000
20240626,0.967551,0.801426,6.000
20240627,0.967551,0.801426,6.000
20240628,0.963753,0.782549,6.000
20240701,0.964483,0.786105,6.000
20240702,0.969340,0.809859,6.000
20240703,0.971049,0.818428,6.000
20240704,0.971049,0.818428,6.000
20240705,0.972159,0.824040,6.000
20240708,0.972159,0.824040,6.000
20240709,0.972159,0.824040,6.000
20240710,0.975620,0.841645,6.000
20240711,0.976680,0.847127,6.000
20240712,0.974390,0.835210,6.000
20240715,0.972919,0.827647,6.000
20240716,0.972880,0.827447,6.000
20240717,0.970883,0.817257,6.000
20240718,0.974643,0.836244,6.000
20240719,0.969776,0.811193,6.000
20240722,0.968709,0.805834,6.000
20240723,0.966052,0.792574,6.000
20240724,0.970748,0.815689,6.000
20240725,0.963211,0.777693,6.000
20240726,0.958168,0.753264,6.000
20240729,0.956150,0.743819,5.952
20240730,0.960196,0.762474,5.927
20240731,0.960289,0.762918,6.000
20240801,0.968571,0.802397,6.000
20240802,0.966607,0.793971,5.177
20240805,0.958221,0.758408,5.163
20240806,0.956734,0.752938,4.648
20240807,0.971027,0.805217,4.648
20240808,0.974722,0.816368,3.639
20240809,0.971831,0.807661,3.595
20240812,0.971831,0.807661,3.585
20240813,0.974810,0.816553,3.592
20240814,0.974810,0.816553,3.564
20240815,0.974409,0.815353,3.579
20240816,0.974409,0.815353,3.621
20240819,0.975283,0.818062,3.706
20240820,0.975283,0.818062,3.711
20240821,0.975283,0.818062,3.745
20240822,0.979055,0.830138,3.816
20240823,0.979055,0.830138,4.047
20240826,0.977899,0.826000,4.221
20240827,0.977899,0.826000,4.246
20240828,0.975894,0.818730,4.293
20240829,0.975894,0.818730,4.253
20240830,0.970967,0.799636,4.619
20240902,0.970967,0.799636,4.475
20240903,0.976586,0.823068,5.064
20240904,0.976586,0.823068,4.912
20240905,0.973296,0.806434,6.000
20240906,0.975393,0.816858,6.000
20240909,0.972489,0.802266,6.000
20240910,0.969377,0.786861,6.000
20240911,0.967031,0.775436,6.000
20240912,0.964920,0.765282,6.000
20240913,0.962609,0.754285,6.000
20240916,0.962609,0.754285,6.000
20240917,0.959788,0.741021,6.000
20240918,0.959788,0.741021,6.000
20240919,0.959788,0.741021,6.000
20240920,0.959788,0.741021,6.000
20240923,0.959788,0.741021,6.000
20240924,0.956347,0.725080,6.000
20240925,0.956347,0.725080,6.000
20240926,0.954597,0.717120,6.000
20240927,0.954826,0.718153,6.000
20240930,0.953951,0.714201,6.000
20241001,0.955024,0.719024,6.000
20241002,0.955024,0.719024,6.000
20241003,0.955024,0.719024,6.000
20241004,0.949561,0.694342,6.000
20241007,0.951413,0.702469,6.000
20241008,0.949791,0.695286,6.000
20241009,0.951667,0.703525,6.000
20241010,0.951667,0.703525,6.000
20241011,0.953126,0.709997,6.000
20241014,0.955113,0.718876,6.000
20241015,0.958389,0.733672,6.000
20241016,0.958919,0.736103,6.000
20241017,0.958068,0.732185,6.000
20241018,0.958068,0.732185,6.000
20241021,0.955510,0.720458,6.000
20241022,0.954795,0.717224,6.000
20241023,0.955680,0.721209,6.000
20241024,0.953110,0.709572,6.000
20241025,0.949382,0.692921,6.000
20241028,0.949382,0.692921,6.000
20241029,0.949195,0.692100,6.000
20241030,0.949195,0.692100,6.000
20241031,0.948233,0.687894,6.000
20241101,0.943241,0.666167,6.000
20241104,0.941474,0.658678,6.000
20241105,0.946297,0.678923,6.000
20241106,0.943628,0.667433,6.000
20241107,0.943810,0.668208,6.000
20241108,0.942465,0.662493,6.000
20241111,0.941265,0.657431,6.000
20241112,0.938078,0.644075,6.000
20241113,0.938078,0.644075,6.000
20241114,0.935065,0.631662,6.000
20241115,0.935441,0.633188,6.000
20241118,0.934598,0.629765,6.000
20241119,0.936612,0.637908,6.000
20241120,0.930182,0.611631,6.000
20241121,0.930182,0.611631,6.000
20241122,0.930182,0.611631,6.000
20241125,0.928567,0.605259,6.000
20241126,0.928567,0.605259,6.000
20241127,0.926699,0.597952,6.000
20241128,0.926699,0.597952,6.000
20241129,0.927126,0.599606,6.000
20241202,0.927126,0.599606,6.000
20241203,0.927126,0.599606,6.000
20241204,0.926454,0.597000,6.000
20241205,0.926454,0.597000,6.000
20241206,0.926454,0.597000,6.000
20241209,0.927270,0.600153,6.000
20241210,0.927484,0.600983,6.000
20241211,0.925680,0.593971,6.000
20241212,0.925893,0.594791,6.000
20241213,0.925347,0.592687,6.000
20241216,0.923416,0.585266,6.000
20241217,0.923416,0.585266,6.000
20241218,0.923408,0.585235,6.000
20241219,0.917802,0.563919,6.000
20241220,0.918323,0.565838,6.000
20241223,0.914449,0.551515,6.000
20241224,0.917311,0.561874,6.000
20241225,0.917311,0.561874,6.000
20241226,0.912017,0.542418,6.000
20241227,0.909519,0.533501,6.000
20241230,0.902653,0.509337,6.000
20241231,0.901635,0.505890,6.000
20250101,0.898421,0.495071,6.000
20250102,0.895137,0.484215,6.000
20250103,0.894927,0.483531,6.000
20250106,0.894927,0.483531,6.000
20250107,0.897247,0.491054,6.000
20250108,0.893700,0.479406,6.000
20250110,0.895186,0.484188,6.000
20250113,0.898122,0.493715,6.000
20250114,0.890830,0.469664,6.000
20250115,0.889609,0.465947,5.777
20250116,0.889609,0.465947,5.817
20250117,0.889609,0.465947,5.816
20250120,0.889609,0.465947,6.000
20250121,0.889609,0.465947,6.000
20250122,0.889609,0.465947,6.000
20250123,0.891074,0.470551,6.000
20250124,0.890288,0.468060,6.000
20250127,0.892064,0.473661,6.000
20250128,0.889119,0.464279,6.000
20250129,0.887293,0.458560,6.000
20250130,0.881984,0.442097,6.000
20250131,0.884640,0.450084,6.000
20250203,0.888383,0.461510,6.000
20250204,0.885099,0.451273,6.000
20250205,0.886946,0.456926,6.000
20250206,0.884035,0.447927,6.000
20250207,0.884548,0.449485,6.000
20250210,0.884548,0.449485,6.000
20250211,0.884445,0.449173,6.000
20250212,0.882334,0.442741,6.000
20250213,0.881622,0.440595,6.000
20250214,0.881622,0.440595,6.000
20250217,0.881622,0.440595,6.000
20250218,0.881622,0.440595,6.000
20250219,0.880646,0.437670,6.000
20250220,0.878946,0.432599,6.000
20250221,0.888056,0.459502,6.000
20250224,0.886734,0.455567,5.755
20250225,0.881298,0.439379,5.796
20250226,0.872692,0.415765,5.504
20250227,0.878174,0.428255,4.782
20250228,0.880421,0.433371,4.669
20250303,0.885273,0.444565,4.688
20250304,0.881572,0.436012,4.602
20250305,0.875590,0.422465,4.579
20250306,0.865620,0.401414,4.376
20250307,0.855352,0.382890,3.890
20250310,0.860663,0.391289,3.533
20250311,0.853615,0.380467,3.378
20250312,0.849225,0.374057,3.276
20250313,0.845473,0.368683,3.251
20250314,0.846035,0.369478,3.241
20250317,0.846244,0.369773,3.234
20250318,0.844728,0.367632,3.232
20250319,0.844544,0.367373,3.241
20250320,0.840523,0.361713,3.235
20250321,0.840661,0.361905,3.220
20250324,0.839093,0.359450,3.635
20250325,0.839093,0.359450,3.638
20250326,0.842179,0.364285,3.657
20250327,0.842179,0.364285,3.741
20250328,0.852192,0.381528,3.981
20250331,0.854477,0.385030,3.423
20250401,0.850973,0.379484,3.512
20250402,0.850151,0.378196,3.514
20250403,0.851218,0.379901,3.592
20250404,0.841627,0.363042,3.938
20250407,0.855244,0.386484,3.991
20250408,0.884720,0.430022,3.269
20250409,0.911205,0.456723,2.074
20250410,0.910120,0.455765,1.763
20250411,0.914907,0.460027,1.778
20250414,0.905236,0.451367,1.781
20250415,0.905236,0.451367,1.714
20250416,0.900070,0.446939,1.719
20250417,0.900070,0.446939,1.696
20250421,0.899622,0.446557,1.714
20250422,0.891136,0.439345,1.712
20250423,0.891136,0.439345,1.669
20250424,0.895493,0.442930,1.669
20250425,0.895493,0.442930,1.669
20250428,0.895493,0.442930,1.669
20250429,0.895493,0.442930,1.692
20250430,0.895493,0.442930,1.690
20250501,0.895493,0.442930,1.702
20250502,0.895493,0.442930,1.704
20250505,0.895493,0.442930,1.702
20250506,0.895493,0.442930,1.768
20250507,0.895493,0.442930,1.834
20250508,0.895493,0.442930,2.544
20250509,0.895493,0.442930,5.290
20250512,0.895493,0.442930,5.284
20250513,0.894382,0.439803,5.691
20250514,0.894382,0.439803,6.000
20250515,0.895274,0.442435,6.000
20250516,0.895274,0.442435,6.000
20250519,0.898188,0.451076,6.000
20250520,0.898188,0.451076,6.000
20250521,0.893745,0.437688,6.000
20250522,0.891162,0.430097,6.000
20250523,0.891185,0.430165,6.000
20250526,0.891185,0.430165,6.000
20250527,0.894891,0.440898,6.000
20250528,0.893305,0.436207,6.000
20250529,0.892843,0.434856,6.000
20250530,0.889765,0.425861,6.000
20250602,0.893460,0.436471,6.000
20250603,0.894699,0.440103,6.000
20250604,0.894699,0.440103,6.000
20250605,0.899884,0.455405,6.000
20250606,0.899884,0.455405,6.000
20250609,0.899884,0.455405,6.000
20250610,0.899073,0.452944,6.000
20250611,0.898575,0.451438,6.000
20250612,0.899033,0.452818,6.000
20250613,0.895643,0.442574,6.000
20250616,0.894442,0.439013,6.000
20250617,0.895290,0.441510,6.000
20250618,0.895290,0.441510,6.000
20250619,0.894610,0.439500,6.000
20250620,0.895654,0.442575,6.000
20250623,0.896527,0.445163,6.000
20250624,0.895760,0.442880,6.000
20250625,0.895760,0.442880,6.000
20250626,0.896937,0.446370,6.000
20250627,0.895976,0.443501,6.000
20250630,0.895976,0.443501,6.000
20250701,0.891934,0.431497,6.000
20250702,0.893671,0.436538,6.000
20250703,0.892793,0.433964,6.000
20250704,0.892793,0.433964,6.000
20250707,0.893641,0.436439,6.000
20250708,0.893641,0.436439,6.000
20250709,0.893641,0.436439,6.000
20250710,0.892662,0.433569,6.000
20250711,0.890700,0.427853,6.000
20250714,0.889924,0.425616,6.000
20250715,0.895586,0.441862,6.000
20250716,0.889532,0.423942,6.000
20250717,0.890910,0.427882,6.000
20250718,0.890237,0.425942,6.000
20250721,0.888214,0.420137,6.000
20250722,0.886228,0.414499,6.000
20250723,0.888286,0.420274,6.000
20250724,0.888286,0.420274,6.000
20250725,0.889048,0.422436,6.000
20250728,0.887222,0.417232,6.000
20250729,0.889339,0.423205,6.000
20250730,0.884687,0.409923,6.000
20250731,0.889298,0.422741,6.000
20250801,0.888004,0.419052,6.000
20250804,0.892397,0.431488,6.000
20250805,0.893551,0.434837,6.000
20250806,0.893853,0.435720,6.000
20250807,0.894713,0.438235,6.000
20250808,0.896651,0.443929,6.000
20250811,0.896651,0.443929,6.000
20250812,0.897614,0.446792,6.000
20250813,0.897614,0.446792,6.000
20250814,0.897316,0.445902,6.000
20250815,0.894702,0.438107,6.000
20250818,0.894702,0.438107,6.000
20250819,0.894269,0.436835,6.000
20250820,0.889076,0.421614,6.000
20250821,0.889076,0.421614,6.000
20250822,0.890688,0.426200,6.000
20250825,0.890688,0.426200,6.000
20250826,0.891181,0.427617,6.000
20250827,0.887938,0.418280,6.000
20250828,0.887938,0.418280,6.000
20250829,0.886623,0.414562,6.000
20250901,0.886623,0.414562,6.000
20250902,0.889530,0.422717,6.000
20250903,0.889530,0.422717,6.000
20250904,0.892714,0.431798,6.000
20250905,0.892101,0.430019,6.000
20250908,0.892101,0.430019,6.000
20250909,0.892101,0.430019,6.000
20250910,0.890956,0.426706,6.000
20250911,0.891831,0.429221,6.000
20250912,0.891831,0.429221,6.000
20250915,0.891831,0.429221,6.000
20250916,0.891055,0.426980,6.000
20250917,0.888526,0.419708,6.000
20250918,0.886133,0.412927,6.000
20250919,0.886133,0.412927,6.000
20250922,0.888138,0.418531,6.000
20250923,0.889478,0.422320,6.000
20250924,0.889660,0.422841,6.000
20250925,0.885678,0.411485,6.000
20250926,0.885742,0.411663,6.000
20250929,0.884816,0.409080,6.000
20250930,0.884088,0.407060,6.000
20251001,0.885641,0.411350,6.000
20251002,0.884546,0.408299,6.000
20251003,0.882941,0.403855,6.000
20251006,0.881417,0.399672,6.000
20251007,0.880534,0.397268,6.000
20251008,0.881254,0.399219,6.000
20251009,0.880585,0.397401,6.000
20251010,0.877373,0.388702,6.000
20251013,0.871844,0.374006,6.000
20251014,0.873457,0.378157,6.000
20251015,0.874073,0.379757,6.000
20251016,0.874510,0.380898,6.000
20251017,0.877228,0.387999,6.000
20251020,0.878575,0.391575,6.000
20251021,0.878575,0.391575,6.000
20251022,0.879253,0.393387,6.000
20251023,0.879818,0.394904,6.000
20251024,0.879818,0.394904,6.000
20251027,0.879818,0.394904,6.000
20251028,0.879818,0.394904,6.000
20251029,0.875947,0.384479,6.000
20251030,0.872847,0.376315,6.000
20251031,0.872232,0.374726,6.000
20251103,0.870731,0.370855,6.000
20251104,0.870731,0.370855,6.000
20251105,0.868779,0.365868,6.000
20251106,0.867970,0.363823,6.000
20251107,0.860608,0.345308,6.000
20251110,0.861277,0.346917,6.000
20251111,0.861458,0.347357,6.000
20251112,0.858500,0.340198,6.000
20251113,0.863832,0.352876,6.000
20251114,0.861308,0.346689,6.000
20251117,0.860483,0.344698,6.000
20251118,0.856988,0.336298,6.000
20251119,0.853761,0.328701,6.000
20251120,0.860986,0.345390,6.000
20251121,0.861447,0.346403,5.483
20251124,0.862160,0.347970,5.467
20251125,0.863638,0.351217,5.442
20251126,0.863638,0.351217,5.377
20251127,0.863638,0.351217,5.506
20251128,0.863638,0.351217,5.599
20251201,0.863638,0.351217,5.596
20251202,0.863638,0.351217,5.613
20251203,0.862939,0.349621,5.613
20251204,0.862939,0.349621,5.652
20251205,0.862939,0.349621,5.655
20251208,0.860622,0.343989,6.000
20251209,0.860622,0.343989,6.000
20251210,0.862044,0.347399,6.000
20251211,0.864218,0.352655,6.000
20251212,0.867266,0.360119,6.000
20251215,0.864158,0.352376,6.000
20251216,0.860624,0.343729,6.000
20251217,0.865267,0.354856,6.000
20251218,0.865267,0.354856,6.000
20251219,0.866924,0.358932,6.000
20251222,0.866924,0.358932,6.000
20251223,0.867745,0.360973,6.000
20251224,0.867018,0.359157,6.000
20251225,0.867018,0.359157,6.000
20251226,0.867018,0.359157,6.000
20251229,0.867018,0.359157,6.000
20251230,0.867018,0.359157,6.000
20251231,0.869800,0.366073,6.000
20260101,0.869800,0.366073,6.000
20260102,0.863872,0.351102,6.000
20260105,0.861812,0.346081,6.000
20260106,0.863199,0.349421,6.000
20260107,0.862352,0.347364,6.000
20260108,0.862352,0.347364,6.000
20260109,0.863104,0.349181,6.000
20260112,0.864789,0.353272,6.000
20260113,0.861383,0.344923,6.000
20260114,0.853888,0.326916,6.000
20260115,0.853231,0.325408,6.000
20260116,0.851251,0.320877,6.000
20260119,0.851251,0.320877,6.000
20260120,0.852373,0.323414,6.000
20260121,0.849761,0.317467,6.000
20260122,0.849043,0.315859,6.000
20260123,0.849043,0.315859,6.000
20260126,0.848154,0.313873,6.000
20260127,0.847387,0.312170,6.000
20260128,0.845687,0.308414,6.000
20260129,0.848503,0.314576,6.000
20260130,0.846054,0.309127,6.000
20260202,0.845053,0.306932,6.000
20260203,0.846055,0.309116,6.000
20260204,0.842881,0.302159,6.000
20260205,0.846258,0.309422,6.000
20260206,0.847717,0.312623,6.000
20260209,0.847095,0.311248,6.000
20260210,0.847095,0.311248,6.000
20260211,0.845130,0.306915,6.000
20260212,0.854278,0.326848,6.000
20260213,0.850689,0.318609,6.000
20260216,0.850689,0.318609,5.962
20260217,0.849029,0.314903,5.962
20260218,0.845639,0.307429,5.943
20260219,0.845639,0.307429,5.860
20260220,0.846107,0.308427,5.864
20260223,0.844117,0.304178,5.858
20260224,0.843789,0.303491,5.807
20260225,0.843789,0.303491,5.812
20260226,0.838122,0.291555,5.857
20260227,0.838122,0.291555,5.531
20260302,0.841372,0.297875,5.591
20260303,0.840379,0.295976,5.404
20260304,0.839635,0.294556,5.418
20260305,0.837457,0.290319,5.546
20260306,0.837457,0.290319,5.710
20260309,0.843965,0.303338,5.771
20260310,0.841363,0.298588,5.078
20260311,0.841363,0.298588,5.011
20260312,0.841761,0.299301,5.045
20260313,0.846502,0.309415,6.000
20260316,0.846502,0.309415,6.000
20260317,0.846502,0.309415,6.000
20260318,0.852078,0.321643,6.000
20260319,0.850887,0.318986,5.914
20260320,0.853133,0.323931,5.875
20260323,0.848939,0.314685,5.807
20260324,0.843332,0.303126,5.561
20260325,0.843332,0.303126,5.111
20260326,0.846504,0.308953,5.111
20260327,0.851861,0.319630,5.460
20260330,0.851416,0.318770,5.149
20260331,0.857797,0.331257,5.228
20260401,0.854371,0.324798,4.883
20260402,0.853836,0.323835,4.729
20260406,0.853836,0.323835,4.800
20260407,0.849995,0.316843,4.800
20260408,0.849995,0.316843,4.983
20260409,0.849478,0.315863,5.085
20260410,0.849478,0.315863,5.077
20260413,0.855700,0.327604,5.075
20260414,0.858380,0.332642,4.910
20260415,0.859009,0.333826,4.865
20260416,0.859009,0.333826,4.868
20260417,0.858449,0.332702,5.165
20260420,0.858449,0.332702,5.185
20260421,0.851824,0.319271,5.231
20260422,0.851824,0.319271,4.915
20260423,0.847908,0.311432,5.341
20260424,0.847561,0.310780,5.109
20260427,0.847561,0.310780,5.223
20260428,0.847561,0.310780,5.658
20260429,0.847561,0.310780,5.658
20260430,0.849492,0.315029,6.000
20260501,0.849492,0.315029,6.000
20260504,0.847064,0.309627,6.000
20260505,0.847435,0.310441,6.000
20260506,0.849443,0.314855,6.000
20260507,0.850870,0.318027,6.000
20260508,0.850842,0.317964,6.000
20260511,0.848727,0.313223,6.000
20260512,0.844710,0.304328,6.000
20260513,0.847303,0.309933,6.000
20260514,0.847981,0.311420,6.000
20260515,0.849496,0.314759,6.000
20260518,0.848755,0.313112,6.000
20260519,0.846156,0.307359,6.000
20260520,0.846103,0.307243,6.000
20260521,0.844242,0.303189,6.000
20260522,0.844242,0.303189,6.000
20260525,0.844242,0.303189,6.000
20260526,0.844242,0.303189,6.000
20260527,0.844242,0.303189,6.000
20260528,0.846713,0.308514,6.000
20260529,0.846713,0.308514,6.000
20260601,0.846713,0.308514,6.000
20260602,0.847342,0.309888,6.000
20260603,0.851382,0.318754,6.000
20260604,0.851023,0.317947,6.000
20260605,0.865777,0.351020,6.000
20260608,0.867812,0.354740,4.508
20260609,0.864596,0.348729,4.572
20260610,0.865652,0.350707,4.643
20260611,0.866280,0.351894,4.668
20260612,0.866280,0.351894,4.667
20260615,0.864686,0.348874,4.664
20260616,0.865853,0.351056,4.634
20260617,0.869508,0.358094,4.749
20260618,0.869508,0.358094,4.700
20260619,0.869508,0.358094,4.778
20260622,0.869681,0.358434,4.778
20260623,0.866066,0.351309,4.782
20260624,0.862321,0.344340,4.587
20260625,0.856314,0.333753,4.414
20260626,0.851947,0.326728,4.127
20260629,0.851549,0.326119,3.992
20260630,0.849746,0.323364,3.990
20260701,0.846312,0.318178,3.968
20260702,0.844939,0.316113,4.000
20260703,0.844939,0.316113,3.993
20260706,0.844689,0.315551,6.000
20260707,0.841405,0.308192,6.000
20260708,0.838151,0.301040,6.000
20260709,0.838013,0.300742,6.000
20260710,0.838287,0.301334,6.000
