day,netGex,spot,callWall,putWall
20240701,-125784300.51862071,5475.09,,
20240702,-82660131.10484083,5509.01,,
20240703,-4100054686.1290207,5537.02,,
20240705,-47342358.83476091,5567.19,,
20240708,-55848502.32951742,5572.85,,
20240709,-49521051.82740061,5576.98,,
20240710,2553683528.6011934,5633.91,,
20240711,69625654.4201692,5584.54,,
20240712,1154751132.888314,5615.35,,
20240715,26808818.896846954,5631.22,,
20240716,122857783.74939515,5667.2,,
20240717,-81977823.03194678,5588.27,,
20240718,-152106811.46148258,5544.59,,
20240719,-76519574.33099909,5505,,
20240722,-25752771.98972582,5564.41,,
20240723,-57751688.135198876,5555.74,,
20240724,-1349444093.7050877,5427.13,,
20240729,-1148760755.576964,5463.54,,
20240730,-784058981.5102577,5436.44,,
20240731,-56033229.187748455,5522.3,,
20240801,-3896528718.730591,5446.68,,
20240814,-16173405.557067197,5455.21,,
20240815,17911754.282687467,5543.22,,
20240816,-52162483.74768159,5554.25,,
20240819,68137358.15970023,5608.25,,
20240820,-1050165.3458351903,5597.12,,
20240821,36173819.9551334,5620.85,,
20240822,-67126049.99299903,5570.64,,
20240823,-581244882.3837893,5634.61,,
20240826,-13434207082.073458,5616.84,,
20240827,-4314657710.978466,5625.8,,
20240828,387795060.2804922,5592.18,,
20240829,6573934241.2681675,5591.96,,
20240830,-2244741534.195581,5648.4,,
20240903,-86934023.94128524,5528.93,,
20240913,103956798.14300874,5626.02,,
20240916,195602779.13742426,5633.09,,
20240917,223118291.78022692,5634.58,,
20240918,178257725.6045166,5618.26,,
20240919,179521639503.4932,5713.64,,
20240920,128993.83058987558,5702.55,,
20240923,164806009.02094427,5718.57,,
20240924,492344011.8374559,5732.93,,
20240925,426979847.59888256,5722.26,,
20240926,3366877921.5787406,5745.37,,
20240927,1881763566.0491292,5738.17,,
20240930,3091632090.943178,5762.48,,
20241004,1321347170.1061249,5751.07,,
20241008,29936978795.53211,5751.13,,
20241015,-19240391005.69953,5815.26,,
20241016,649180109.0673238,5842.47,,
20241017,-288971952.9639286,5841.47,,
20241018,3280220622.8228765,5864.67,,
20241021,9178426619.564383,5853.98,,
20241022,9318299515.842009,5851.2,,
20241023,-943161719.3862615,5797.42,,
20241024,164263819.04922333,5809.86,,
20241025,196941393.34640163,5808.12,,
20241028,604458716.0162113,5823.52,,
20241029,216294759.47213012,5832.92,,
20241030,1307116045.8922951,5813.67,,
20241031,651076502.2906067,5705.45,,
20241104,4617540000.602349,5712.69,,
20241105,-555187827.4578745,5782.76,,
20241106,-2932984243.6587195,5929.04,,
20241107,936118254.6530285,5973.1,,
20241108,516560157.37896043,5995.54,,
20241111,-257340412.32951993,6001.35,,
20241112,20465022524.204712,5983.99,,
20241113,-23620711248.218212,5985.38,,
20241114,5464767337.220232,5949.17,,
20241115,-85032209753.43057,5870.62,,
20241118,11255106442.238258,5893.62,,
20241119,-44390847568.09686,5916.98,,
20241120,346365873.65441537,5917.11,,
20241121,-209594625.8611304,5948.71,,
20241122,1004009758341.4939,5969.34,,
20241125,-33365425817.63411,5987.37,,
20241126,12766137201.09108,6021.63,,
20241127,-5567799000.480213,5998.74,,
20241129,239458870387.60748,6032.38,,
20241202,-6624574877.47549,6047.15,,
20241203,-38920009386.563255,6049.88,,
20241204,-490533361.9037661,6086.49,,
20241205,-428059854.4669651,6075.11,,
20241206,694584188.011613,6090.27,,
20241209,757074878.8058889,6052.85,,
20241210,490501935978.0387,6034.91,,
20241211,-48165397868.20403,6084.19,,
20241212,-12672164564.084564,6051.25,,
20241213,-33125617641.587536,6051.09,,
20241216,-214172912.64718688,6074.08,,
20241217,-6612824913.587084,6050.61,,
20241218,-25685643106.186916,5872.16,,
20241219,2906347704.1630807,5867.08,,
20241220,5149878715.319666,5930.85,,
20241223,519013673.7865751,5974.07,,
20241224,-5749130150.421805,6040.04,,
20241226,27167288117.69441,6037.59,,
20241227,613201809465.9988,5970.84,,
20241230,-171335626547.94055,5906.94,,
20241231,-26724639443.86456,5881.63,,
20250102,5272996600.088158,5868.55,,
20250103,-2193772204.191386,5942.47,,
20250106,1089104418.1669092,5975.38,,
20250107,-962982.7173089893,5909.03,,
20250122,-128992168.05239084,6086.37,,
20250124,-33011706.94899855,6101.24,,
20250129,-11272825.158324538,6039.31,,
20250131,-208581788.4741705,6040.53,,
20250206,213558248.42701066,6083.57,,
20250207,353356938.12858313,6025.99,,
20250210,970066890.245764,6066.44,,
20250211,9417791.664222592,6068.5,,
20250212,32038980.85932589,6051.97,,
20250213,274513710.6993204,6115.07,,
20250214,628360944.6886828,6114.63,,
20250218,-8145614786.628753,6129.58,,
20250219,-1650337353.4581697,6144.15,,
20250220,-132181366.0907637,6117.52,,
20250221,-222295071.61729673,6013.13,,
20250224,-251017783.80746555,5983.25,,
20250225,-198373617.17708057,5955.25,,
20250226,-390926054.8689816,5956.06,,
20250227,-687912835.409636,5861.57,,
20250228,265851489647.28223,5954.5,,
20250303,361967402.1108344,5849.72,,
20250304,9019898.36929649,5778.15,,
20250305,3837401.451499971,5842.63,,
20250306,-9497931.617406305,5738.52,,
20250307,20703666.115058996,5770.2,,
20250318,-35206972.72795341,5614.66,,
20250319,-4943775.8750014445,5675.29,,
20250320,-54748569.69314568,5662.89,,
20250321,-35007717.48721434,5667.56,,
20250324,100699546.20035963,5767.57,,
20250325,-2947011.447528344,5776.65,,
20250326,1371648700.2400475,5712.2,,
20250327,1374339200.6097388,5693.31,,
20250328,-223067601.70436686,5580.94,,
20250331,-3794909432.710455,5611.85,,
20250401,-139176981.1668094,5633.07,,
20250512,821257165.1038924,5844.19,,
20250514,565367771.9164797,5892.58,,
20250528,1117650604.1250212,5888.55,,
20250604,184870524.2743766,5970.81,,
20250605,110951202.25067729,5939.3,,
20250606,361983339.3261993,6000.36,,
20250609,1709323890.9361637,6005.88,,
20250610,260124809581.46094,6038.81,,
20250611,33869276945.977264,6022.24,,
20250612,1733684654.3063748,6045.26,,
20250613,517824500.95127326,5976.97,,
20250616,-6277223134.181629,6033.11,,
20250617,271999428.56082505,5982.72,,
20250618,3376429944.945314,5980.87,,
20250620,-21957406.781883705,5967.84,,
20250623,45177176.53480838,6025.17,,
20250624,1926201910.1705139,6092.18,,
20250625,3325715882.191106,6092.16,,
20250626,-550164898897.2645,6141.02,,
20250627,18812716540.991795,6173.07,,
20250630,-43714186739.75055,6204.95,,
20250701,1355643783.6501975,6198.01,,
20250703,-2303790690.823214,6279.35,,
20250707,171063432.09395716,6229.98,,
20250708,8936897.870574556,6225.52,,
20250709,46373825.63976206,6263.26,,
20250710,124320598.90652019,6280.46,,
20250711,163634243.0229599,6259.75,,
20250714,101683211.44830948,6268.56,,
20250715,110816859.91863193,6243.76,,
20250716,169042427.611006,6263.7,,
20250717,321205584.53512627,6297.36,,
20250718,388029666.34525347,6296.79,,
20250721,471996892.8324166,6305.6,,
20250722,579894480.2405552,6309.62,,
20250723,1463375890.9135342,6358.91,,
20250724,-3121071760.089873,6363.35,,
20250725,-4533994145.498576,6388.64,,
20250728,643339735.4107062,6389.77,,
20250729,786669184.971453,6370.86,,
20250730,143109970528.3767,6362.9,,
20250731,4889416695.665889,6339.39,,
20250801,-101476335043.04826,6238.01,,
20250804,1926245108.871037,6329.94,,
20250805,1905424762.0681195,6299.19,,
20250806,4074916296.422489,6345.06,,
20250807,-12454224358.910915,6340,,
20250808,259164438.99668145,6389.45,,
20250811,997998823.0321476,6373.45,,
20250812,174198724034.67813,6445.76,,
20250813,-20174891492.256714,6466.58,,
20250814,12721368651.295511,6468.54,,
20250815,-7722858486349.431,6449.8,,
20250818,2289184063777.435,6449.15,,
20250819,-4324776444.510093,6411.37,,
20250820,2526079740.3498707,6395.78,,
20250821,19583493438.820465,6370.17,,
20250822,-1475924889.1443396,6466.91,,
20250825,3509749479.0850096,6439.32,,
20250826,-5472097196.600302,6465.94,,
20250827,-4237573770.066072,6481.4,,
20250828,-1861422119.5394301,6501.86,,
20250829,-20659668036.188435,6460.26,,
20250902,18067916294.252228,6415.54,,
20250903,-2260839490.6416154,6448.26,,
20250904,-10787839245.960993,6502.08,,
20250905,7174968543.793168,6481.5,,
20250908,-859173186655.4587,6495.15,,
20250909,719213271783.9637,6512.61,,
20250910,-14427315711.099415,6532.04,,
20250911,520795877.5682755,6587.47,,
20250912,185719082.64538673,6584.29,,
20250915,303449167.77851945,6615.28,,
20250916,154340135.63424116,6606.76,,
20250917,-217524442.47505322,6600.35,,
20250918,376458981.6478567,6631.96,,
20250919,559856875.753531,6664.36,,
20250922,817213174.00536,6693.75,,
20250923,634225295.5099891,6656.92,,
20250924,138235365.64834195,6637.97,,
20250925,-2223849922.090305,6604.72,,
20250926,2169056614.303726,6643.7,,
20250929,142281338702.72818,6661.21,,
20250930,-66765066107.923256,6688.46,,
20251001,-48264524.2861894,6711.2,,
20251002,106481918.37573016,6715.35,,
20251003,262280241.26949325,6715.79,,
20251006,265634609.33788306,6740.28,,
20251007,-112144497.52942793,6714.59,,
20251008,372766498.7346075,6753.72,,
20251009,166179927.99524415,6735.11,,
20251010,24050268939.33637,6552.51,,
20251013,437270462.0680146,6654.72,,
20251014,200274132.87626743,6644.31,,
20251015,93918261.99695383,6671.06,,
20251016,1020404110.6988109,6629.07,,
20251017,-15135265033.379808,6664.01,,
20251020,634617947.9556755,6735.13,,
20251021,806143951.6983261,6735.35,,
20251022,648573076.8634267,6699.4,,
20251023,821003874.2749562,6738.44,,
20251024,529686990.31455743,6791.69,,
20251027,653214575.1504546,6875.16,,
20251028,1022686057.3960031,6890.89,,
20251029,2182557497.8986464,6890.59,,
20251030,-51037809580.99355,6822.34,,
20251031,243953519.6898419,6840.2,,
20251103,-1341382938.002352,6851.97,,
20251104,-170393923.60122794,6771.55,,
20251105,-110308893.3838076,6796.29,,
20251106,-414845776.5375279,6720.32,,
20251107,-774417899.6635408,6728.8,,
20251110,-218266808.17508438,6832.43,,
20251111,-59804581.08215417,6846.61,,
20251112,-26663825.869691122,6850.92,,
20251113,-8451437348.554916,6737.49,,
20251114,-8687713500.056831,6734.11,,
20251117,-744195404.7377003,6672.41,,
20251118,-1439215947.9996917,6617.32,,
20251119,-126890412.90932786,6642.16,,
20251120,-753847669.6287833,6538.76,,
20251121,-1464228892.0467708,6602.99,,
20251124,278045726.2949136,6705.12,,
20251125,2572614771.461843,6765.88,,
20251126,813060904.3006052,6812.61,,
20251128,-34633304586.90025,6849.09,,
20251201,-1049082497.1343318,6812.63,,
20251202,-586616964.4746895,6829.37,,
20251203,482761668.4214242,6849.72,,
20251204,1026263641.7966545,6857.12,,
20251205,619826058.8083229,6870.4,,
20251208,-3702422790.8219376,6846.51,,
20251209,-1854297564.1830864,6840.51,,
20251210,1270357115.524507,6886.68,,
20251211,728687684.7409564,6901,,
20251212,16441006242.68953,6827.41,,
20251215,-4468354651.02686,6816.51,,
20251216,216477846.50696236,6800.26,,
20251217,868881277.0677327,6721.43,,
20251218,923847594.3014262,6774.76,,
20251219,2993866643.062674,6834.5,,
20251222,-1875106095.138623,6878.49,,
20251223,1396651501.8251383,6909.79,,
20251224,3450716537.4117103,6932.05,,
20251226,6687454240.234548,6929.94,,
20251229,369434632115.39386,6905.74,,
20251230,11663001586.398142,6896.24,,
20251231,-925033781068.4467,6845.5,,
20260102,10102466.595325325,6858.47,,
20260105,-13236529.14995965,6902.05,,
20260106,-13746255.541729413,6944.82,,
20260107,725613.4791104101,6920.93,,
20260108,-19453012.319867626,6921.46,,
20260109,-15429599.893428115,6966.28,,
20260112,30857461.979006417,6977.27,,
20260113,-3366211.429144143,6963.74,,
20260114,-26668722.326374125,6926.6,,
20260115,16123222.326026881,6944.47,,
20260116,-13250064.51882642,6940.01,,
20260120,-29653617.570370197,6796.86,,
20260121,33620945.351891175,6875.62,,
20260122,-495256.7037637872,6913.35,,
20260123,-236989553.37158492,6915.61,,
20260126,-588311285.5768753,6950.23,,
20260127,78854598.41692142,6978.6,,
20260128,-281272269.2383311,6978.03,,
20260129,-958748635.0151691,6969.01,,
20260130,-1269400903.0297396,6939.03,,
20260202,-154473044.9028303,6976.44,,
20260203,-2980652057.8340306,6917.81,,
20260204,35400924.35782632,6882.72,,
20260205,57119158.482461765,6798.4,,
20260206,43585716.71081023,6932.3,,
20260209,92919906.11688948,6964.82,,
20260210,178917579.0278676,6941.81,,
20260211,160676267.4036481,6941.47,,
20260212,119689033.25314705,6832.76,,
20260213,46453603.33338605,6836.17,,
20260217,17594473.06052407,6843.22,,
20260218,-25230777.84408099,6881.31,,
20260219,-123932166.15322958,6861.89,,
20260220,-1248478459.4253771,6909.51,,
20260223,197844547.26903516,6837.75,,
20260224,-175128034.3592045,6890.07,,
20260225,-565495085.7544005,6946.13,,
20260226,-952500950.2195718,6908.86,,
20260227,-79872295046.29427,6878.88,,
20260302,111094164.85300222,6881.62,,
20260303,33736081.73606186,6816.63,,
20260304,163769150.88994092,6869.5,,
20260305,120484245.83541633,6830.71,,
20260306,56494617.4678648,6740.02,,
20260309,-24021015.67780933,6795.99,,
20260310,156641293.8202711,6781.48,,
20260311,106923300.481263,6775.8,,
20260312,117252117.84642091,6672.62,,
20260313,-65072127.803686574,6632.19,,
20260316,-104863655.75145811,6699.38,,
20260317,185177299.6437788,6716.09,,
20260318,-38865838.616351426,6624.7,,
20260319,-173197517.59420004,6606.49,,
20260320,-207043127.68768355,6506.48,,
20260323,-121241553.55608518,6581,,
20260324,-141191294.46964592,6556.37,,
20260325,-120628212.02907228,6591.9,,
20260326,-118853860.20034249,6477.16,,
20260327,-332444042.24733603,6368.85,,
20260330,-535919096.47519916,6343.72,,
20260331,375782375.73274237,6528.52,,
20260401,-64722569.24897699,6575.32,,
20260402,-188230101.02422127,6582.69,,
20260406,-286473634.0279095,6611.83,,
20260407,-115372903.24781226,6616.85,,
20260408,-17453014.66049651,6782.81,,
20260409,236298118.78227618,6824.66,,
20260410,75454677.81022298,6816.89,,
20260413,65857991.58193957,6886.24,,
20260414,82176314.25625807,6967.38,,
20260415,121405193.761317,7022.95,,
20260416,74328166.21963173,7041.28,,
20260417,255089297.37093958,7126.06,,
20260420,47741449.2810999,7109.14,,
20260421,40728150.20443612,7064.01,,
20260422,64482127.7733751,7137.9,,
20260423,73347435.34742647,7108.4,,
20260424,150965754.33579648,7165.08,,
20260427,634339683.3344785,7173.91,,
20260428,125079409.88374099,7138.8,,
20260429,259344045.14675146,7135.95,,
20260430,4733520696.759106,7209.01,,
20260501,24477739.078555286,7230.12,,
20260504,27931229.092010483,7200.75,,
20260505,28708547.115618333,7259.22,,
20260506,163682735.2392648,7365.12,,
20260507,193049499.2165984,7337.11,,
20260508,213252599.5431175,7398.93,,
20260511,233024117.68925494,7412.84,,
20260512,174898263.32727134,7400.96,,
20260513,421386074.9605888,7444.25,,
20260514,2342193760.8132153,7501.24,,
20260515,233141698.89552388,7408.5,,
20260518,153955025.9573697,7403.05,,
20260519,120886122.37860078,7353.61,,
20260520,190991989.85371596,7432.97,,
20260521,1075757007.8045428,7445.72,,
20260522,3083086876.991062,7473.47,,
20260526,58239358716.47367,7519.12,,
20260527,-25250540244.06967,7520.36,,
20260528,-3792201779.9778237,7563.63,,
20260529,-1000120914.8402759,7580.06,,
20260601,15862239.931961536,7599.96,,
20260602,72817198.24809293,7609.78,,
20260603,-251870133.5945221,7553.68,,
20260604,-246730352.2671329,7584.31,,
20260605,-5248595967.6551075,7383.74,,
20260608,938210833.8632653,7405.73,,
20260609,547176160.4376405,7386.65,,
20260610,123019604.32158327,7266.99,,
20260611,107539386.87330109,7394.3,,
20260612,1279586675.0803607,7431.46,,
20260615,-6490346650.377247,7554.29,,
20260616,23597693965.454998,7511.35,,
20260617,-5153711785.544982,7420.1,,
20260618,-153696149367.89084,7500.58,,
20260622,-24303686307.473385,7472.655000000001,,
20260623,-18010652919.38011,7365.46,,
20260624,-10727568553.186775,7358.22,,
20260625,-3798158686.959366,7362.6900000000005,,
20260626,-396435712965.28326,7353.56,,
20260629,17013002357.928165,7440.43,,
20260630,396575251894.8624,7505.01,,
20260701,-618137666285.8822,7483.23,,
20260702,283740398072.52905,7483.24,,
20260706,681323456389.476,7537.43,,
20260707,-39268217018.65649,7518.65,,
20260708,1729055449902.8042,7478.68,,
