day,dir,entry,exit,grossPts,netPts,retFrac,reason
20231201,1,5275.75,5289.1180328096525,13.37,12.62,0.002392,trail
20231201,1,5294.5,5298,3.50,2.75,0.000519,session_close
20231205,1,5267.5,5266.877214285993,-0.62,-1.37,-0.000261,trail
20231205,1,5269.25,5267.25,-2.00,-2.75,-0.000522,session_close
20231206,-1,5271.25,5250.5,20.75,20.00,0.003794,session_close
20231207,1,5283.5,5279.75,-3.75,-4.50,-0.000852,session_close
20231208,1,5299.25,5292.133515220865,-7.12,-7.87,-0.001484,trail
20231208,1,5288,5290.383515220865,2.38,1.63,0.000309,trail
20231208,1,5295.5,5303.5,8.00,7.25,0.001369,session_close
20231211,1,5314.25,5320.5,6.25,5.50,0.001035,session_close
20231212,1,5329.5,5344,14.50,13.75,0.002580,session_close
20231213,1,5370.5,5396.011310156926,25.51,24.76,0.004611,trail
20231213,1,5406.75,5396.011310156926,-10.74,-11.49,-0.002125,trail
20231213,1,5395,5384.261310156926,-10.74,-11.49,-0.002130,trail
20231214,-1,5409,5404.506821443205,4.49,3.74,0.000692,trail
20231214,-1,5404.5,5416.256821443205,-11.76,-12.51,-0.002314,trail
20231218,1,5442.5,5432.550736047142,-9.95,-10.70,-0.001966,trail
20231219,1,5454.75,5461.75,7.00,6.25,0.001146,session_close
20231220,1,5469.25,5461.288751676856,-7.96,-8.71,-0.001593,trail
20231220,-1,5431.25,5430.961248323144,0.29,-0.46,-0.000085,trail
20231220,-1,5412,5423.711248323144,-11.71,-12.46,-0.002303,trail
20231221,-1,5406,5412.425076390405,-6.43,-7.18,-0.001327,trail
20231221,-1,5411,5422.675076390405,-11.68,-12.43,-0.002296,trail
20231221,1,5440.25,5439.25,-1.00,-1.75,-0.000322,session_close
20231222,-1,5432.25,5445.3993592353445,-13.15,-13.90,-0.002559,trail
20231226,1,5469.5,5470.5,1.00,0.25,0.000046,session_close
20231229,-1,5454,5456.137927203324,-2.14,-2.89,-0.000530,trail
20231229,-1,5453,5465.137927203324,-12.14,-12.89,-0.002363,trail
20240102,-1,5423.5,5429.851684278977,-6.35,-7.10,-0.001309,trail
20240102,-1,5429.75,5431.101684278977,-1.35,-2.10,-0.000387,trail
20240102,-1,5435.25,5422.351684278977,12.90,12.15,0.002235,trail
20240103,-1,5392,5392.25,-0.25,-1.00,-0.000185,session_close
20240104,1,5408,5396.852295534271,-11.15,-11.90,-0.002200,trail
20240104,1,5397.75,5385.602295534271,-12.15,-12.90,-0.002389,trail
20240105,1,5400.75,5389.925743457453,-10.82,-11.57,-0.002143,trail
20240108,1,5407.25,5441.5,34.25,33.50,0.006195,session_close
20240109,1,5436,5434.334972929145,-1.67,-2.42,-0.000444,trail
20240109,1,5431,5430.834972929145,-0.17,-0.92,-0.000168,trail
20240109,1,5433.75,5434,0.25,-0.50,-0.000092,session_close
20240110,1,5460.75,5458.18921759228,-2.56,-3.31,-0.000606,trail
20240110,1,5457.75,5449.43921759228,-8.31,-9.06,-0.001660,trail
20240110,1,5460,5463.75,3.75,3.00,0.000549,session_close
20240111,-1,5444.25,5445.036113676268,-0.79,-1.54,-0.000282,trail
20240111,-1,5431.5,5444.036113676268,-12.54,-13.29,-0.002446,trail
20240111,-1,5422,5431.286113676268,-9.29,-10.04,-0.001851,trail
20240112,-1,5457.75,5454.75,3.00,2.25,0.000412,session_close
20240116,-1,5426.5,5436.851048191731,-10.35,-11.10,-0.002046,trail
20240117,-1,5394.75,5404.167779698404,-9.42,-10.17,-0.001885,trail
20240118,1,5445.75,5454.25,8.50,7.75,0.001423,session_close
20240119,1,5483.5,5513.25,29.75,29.00,0.005289,session_close
20240124,-1,5550.75,5545,5.75,5.00,0.000901,session_close
20240125,-1,5543.5,5555.444037320973,-11.94,-12.69,-0.002290,trail
20240129,1,5585.25,5593.75,8.50,7.75,0.001388,session_close
20240131,-1,5552.5,5558.9567219058745,-6.46,-7.21,-0.001298,trail
20240131,-1,5546.75,5554.7067219058745,-7.96,-8.71,-0.001570,trail
20240131,-1,5547.75,5541.4567219058745,6.29,5.54,0.000999,trail
20240201,1,5551.25,5547.143158706957,-4.11,-4.86,-0.000875,trail
20240201,1,5546,5602.5,56.50,55.75,0.010052,session_close
20240202,1,5601.75,5611.937706931961,10.19,9.44,0.001685,trail
20240202,1,5607.5,5625.937706931961,18.44,17.69,0.003154,trail
20240202,1,5623.75,5616.25,-7.50,-8.25,-0.001467,session_close
20240205,-1,5589.75,5599.367667691737,-9.62,-10.37,-0.001855,trail
20240207,1,5656,5659,3.00,2.25,0.000398,session_close
20240209,1,5676.5,5685.5,9.00,8.25,0.001453,session_close
20240212,1,5703.75,5696.845791944739,-6.90,-7.65,-0.001342,trail
20240213,-1,5599.25,5594.412839169648,4.84,4.09,0.000730,trail
20240213,-1,5599.5,5612.162839169648,-12.66,-13.41,-0.002395,trail
20240214,-1,5620.25,5633.05819490182,-12.81,-13.56,-0.002412,trail
20240214,1,5655.75,5661,5.25,4.50,0.000796,session_close
20240215,1,5678.5,5694,15.50,14.75,0.002598,session_close
20240216,-1,5665.75,5679.049936656586,-13.30,-14.05,-0.002480,trail
20240216,-1,5665.25,5658,7.25,6.50,0.001147,session_close
20240220,-1,5625.25,5625.424231596539,-0.17,-0.92,-0.000164,trail
20240220,-1,5619.75,5630.424231596539,-10.67,-11.42,-0.002033,trail
20240220,-1,5628.75,5634.174231596539,-5.42,-6.17,-0.001097,trail
20240221,-1,5607.25,5619.393261218527,-12.14,-12.89,-0.002299,trail
20240221,1,5639.75,5627.106738781473,-12.64,-13.39,-0.002375,trail
20240221,1,5638.5,5644.856738781473,6.36,5.61,0.000994,trail
20240222,1,5730.5,5737.81631465587,7.32,6.57,0.001146,trail
20240222,1,5738.25,5736.75,-1.50,-2.25,-0.000392,session_close
20240223,-1,5738.5,5752.146438100393,-13.65,-14.40,-0.002509,trail
20240223,-1,5743,5738.25,4.75,4.00,0.000697,session_close
20240226,-1,5727,5721,6.00,5.25,0.000917,session_close
20240227,-1,5713.5,5727.302313988248,-13.80,-14.55,-0.002547,trail
20240229,-1,5718.5,5731.5445043743275,-13.04,-13.79,-0.002412,trail
20240301,1,5768.5,5782.25,13.75,13.00,0.002254,session_close
20240304,1,5798.5,5788.635642482725,-9.86,-10.61,-0.001831,trail
20240305,-1,5744,5739.845252889072,4.15,3.40,0.000593,trail
20240305,-1,5732,5718.845252889072,13.15,12.40,0.002164,trail
20240305,-1,5721.5,5732.595252889072,-11.10,-11.85,-0.002070,trail
20240306,-1,5745.5,5757.653433432911,-12.15,-12.90,-0.002246,trail
20240307,1,5800.75,5802.578048088855,1.83,1.08,0.000186,trail
20240307,1,5803.25,5798.328048088855,-4.92,-5.67,-0.000977,trail
20240308,1,5830,5820.677389998946,-9.32,-10.07,-0.001728,trail
20240308,-1,5784,5781.572610001054,2.43,1.68,0.000290,trail
20240308,-1,5794.25,5787.322610001054,6.93,6.18,0.001066,trail
20240312,1,5810.75,5802.050316029067,-8.70,-9.45,-0.001626,trail
20240312,1,5806.75,5820.75,14.00,13.25,0.002282,session_close
20240313,-1,5811.5,5819.5,-8.00,-8.75,-0.001506,session_close
20240314,-1,5792.5,5804.51057153183,-12.01,-12.76,-0.002203,trail
20240314,-1,5791.5,5796.01057153183,-4.51,-5.26,-0.000908,trail
20240314,-1,5795.25,5786.01057153183,9.24,8.49,0.001465,trail
20240319,1,5806.75,5821.25,14.50,13.75,0.002368,session_close
20240320,1,5846.5,5878,31.50,30.75,0.005260,session_close
20240326,-1,5856.75,5854.25,2.50,1.75,0.000299,session_close
20240327,-1,5854,5866.727911333644,-12.73,-13.48,-0.002302,trail
20240327,-1,5861.75,5871.727911333644,-9.98,-10.73,-0.001830,trail
20240327,1,5893.75,5890,-3.75,-4.50,-0.000764,session_close
20240401,-1,5870.5,5878.21600428657,-7.72,-8.47,-0.001442,trail
20240401,-1,5879.25,5875.5,3.75,3.00,0.000510,session_close
20240403,1,5847.75,5849.699075712153,1.95,1.20,0.000205,trail
20240403,1,5847.5,5847.449075712153,-0.05,-0.80,-0.000137,trail
20240403,1,5850.75,5850.75,0.00,-0.75,-0.000128,session_close
20240404,-1,5869.25,5841.991819983187,27.26,26.51,0.004516,trail
20240404,-1,5829.75,5826.741819983187,3.01,2.26,0.000387,trail
20240404,-1,5826,5823.491819983187,2.51,1.76,0.000302,trail
20240405,1,5823.5,5816.518923399362,-6.98,-7.73,-0.001328,trail
20240405,1,5819,5839.768923399362,20.77,20.02,0.003440,trail
20240405,1,5837.75,5831.518923399362,-6.23,-6.98,-0.001196,trail
20240409,-1,5823.5,5805.581913098414,17.92,17.17,0.002948,trail
20240409,-1,5814.25,5820.831913098414,-6.58,-7.33,-0.001261,trail
20240409,-1,5822,5835.831913098414,-13.83,-14.58,-0.002505,trail
20240411,-1,5765.75,5779.694090333617,-13.94,-14.69,-0.002549,trail
20240411,-1,5782,5795.944090333617,-13.94,-14.69,-0.002541,trail
20240411,1,5819.5,5824.805909666383,5.31,4.56,0.000783,trail
20240412,-1,5760.25,5750.167407399275,10.08,9.33,0.001620,trail
20240412,-1,5750.25,5748.667407399275,1.58,0.83,0.000145,trail
20240412,-1,5748.75,5748.25,0.50,-0.25,-0.000043,session_close
20240415,-1,5766.25,5766.331977529776,-0.08,-0.83,-0.000144,trail
20240415,-1,5747.75,5720.831977529776,26.92,26.17,0.004553,trail
20240415,-1,5706,5703.831977529776,2.17,1.42,0.000249,trail
20240416,-1,5669,5686.622075582171,-17.62,-18.37,-0.003241,trail
20240417,-1,5662.5,5649.614039975734,12.89,12.14,0.002143,trail
20240417,-1,5651.25,5668.364039975734,-17.11,-17.86,-0.003161,trail
20240417,-1,5677,5643.25,33.75,33.00,0.005813,session_close
20240418,-1,5624.25,5640.3257082860155,-16.08,-16.83,-0.002992,trail
20240418,-1,5630.75,5629.75,1.00,0.25,0.000044,session_close
20240419,-1,5602.75,5604.541815005787,-1.79,-2.54,-0.000454,trail
20240419,-1,5598.5,5617.291815005787,-18.79,-19.54,-0.003491,trail
20240419,-1,5597.5,5585.25,12.25,11.50,0.002054,session_close
20240422,-1,5590.75,5610.656640609706,-19.91,-20.66,-0.003695,trail
20240422,1,5636.25,5637.593359390294,1.34,0.59,0.000105,trail
20240422,1,5638.25,5630.75,-7.50,-8.25,-0.001463,session_close
20240423,1,5683.75,5694,10.25,9.50,0.001671,session_close
20240424,-1,5673.25,5687.925350456226,-14.68,-15.43,-0.002719,trail
20240425,1,5647.25,5682.282251048693,35.03,34.28,0.006071,trail
20240425,1,5704.75,5713.5,8.75,8.00,0.001402,session_close
20240426,1,5720.5,5713.5,-7.00,-7.75,-0.001355,session_close
20240430,-1,5676.5,5636.75,39.75,39.00,0.006870,session_close
20240501,1,5694,5674.509521175994,-19.49,-20.24,-0.003555,trail
20240501,1,5673,5648.009521175994,-24.99,-25.74,-0.004537,trail
20240502,-1,5620.25,5644.848701996236,-24.60,-25.35,-0.004510,trail
20240506,1,5788.25,5787,-1.25,-2.00,-0.000346,session_close
20240508,1,5797.5,5791.75,-5.75,-6.50,-0.001121,session_close
20240509,1,5816.25,5822.25,6.00,5.25,0.000903,session_close
20240513,-1,5822,5824.75,-2.75,-3.50,-0.000601,session_close
20240514,1,5848.5,5850.75,2.25,1.50,0.000256,session_close
20240515,1,5894.25,5912,17.75,17.00,0.002884,session_close
20240521,1,5926.25,5925.75,-0.50,-1.25,-0.000211,session_close
20240522,-1,5897.75,5904.974572750234,-7.22,-7.97,-0.001352,trail
20240522,-1,5901.25,5915.974572750234,-14.72,-15.47,-0.002622,trail
20240523,-1,5906.5,5913.798799056048,-7.30,-8.05,-0.001363,trail
20240523,-1,5909.75,5868.25,41.50,40.75,0.006895,session_close
20240524,1,5906.5,5895.591745757938,-10.91,-11.66,-0.001974,trail
20240524,1,5902,5902.5,0.50,-0.25,-0.000042,session_close
20240528,-1,5895.5,5895.790389309699,-0.29,-1.04,-0.000176,trail
20240528,-1,5891.25,5905.790389309699,-14.54,-15.29,-0.002595,trail
20240530,-1,5833.25,5835.746413154159,-2.50,-3.25,-0.000557,trail
20240530,-1,5834.75,5832.25,2.50,1.75,0.000300,session_close
20240531,-1,5820,5804.133991177609,15.87,15.12,0.002597,trail
20240531,-1,5808,5820.633991177609,-12.63,-13.38,-0.002304,trail
20240531,-1,5821,5827.133991177609,-6.13,-6.88,-0.001183,trail
20240603,-1,5867.25,5861.352781812675,5.90,5.15,0.000877,trail
20240603,-1,5847.5,5848.602781812675,-1.10,-1.85,-0.000317,trail
20240603,-1,5851.75,5863.602781812675,-11.85,-12.60,-0.002154,trail
20240604,1,5891.25,5877.599708027324,-13.65,-14.40,-0.002444,trail
20240604,1,5881.75,5886.5,4.75,4.00,0.000680,session_close
20240605,1,5927,5947.5,20.50,19.75,0.003332,session_close
20240606,-1,5935.25,5944.824457437865,-9.57,-10.32,-0.001740,trail
20240607,1,5958,5945.275869472979,-12.72,-13.47,-0.002262,trail
20240607,1,5955.25,5951.775869472979,-3.47,-4.22,-0.000709,trail
20240607,1,5950.25,5935.525869472979,-14.72,-15.47,-0.002601,trail
20240610,1,5944.75,5951.25,6.50,5.75,0.000967,session_close
20240611,1,5956,5965.5,9.50,8.75,0.001469,session_close
20240613,-1,6002,6005.7337728641405,-3.73,-4.48,-0.000747,trail
20240613,-1,6007,6021.2337728641405,-14.23,-14.98,-0.002494,trail
20240614,1,6015,6017.25,2.25,1.50,0.000249,session_close
20240617,1,6039.25,6061.864700202444,22.61,21.86,0.003620,trail
20240617,1,6063.25,6064.25,1.00,0.25,0.000041,session_close
20240620,-1,6060.75,6061.8298188212775,-1.08,-1.83,-0.000302,trail
20240620,-1,6065,6067.0798188212775,-2.08,-2.83,-0.000467,trail
20240620,-1,6069,6061,8.00,7.25,0.001195,session_close
20240624,1,6067.5,6061.27305851168,-6.23,-6.98,-0.001150,trail
20240624,1,6062.75,6049.02305851168,-13.73,-14.48,-0.002388,trail
20240624,-1,6031.75,6032.75,-1.00,-1.75,-0.000290,session_close
20240626,1,6056.75,6046.805907949138,-9.94,-10.69,-0.001766,trail
20240626,1,6054.75,6050.5,-4.25,-5.00,-0.000826,session_close
20240628,1,6097.25,6087.612330236083,-9.64,-10.39,-0.001704,trail
20240628,1,6085.25,6071.612330236083,-13.64,-14.39,-0.002364,trail
20240628,-1,6052,6050.387669763917,1.61,0.86,0.000142,trail
20240701,-1,6041,6037.0877522495375,3.91,3.16,0.000523,trail
20240701,-1,6038.75,6036.5877522495375,2.16,1.41,0.000234,trail
20240702,1,6046,6047.967134640649,1.97,1.22,0.000201,trail
20240702,1,6049.75,6079.75,30.00,29.25,0.004835,session_close
20240703,1,6096.5,6108,11.50,10.75,0.001763,session_close
20240705,1,6124.25,6132,7.75,7.00,0.001143,session_close
20240710,1,6178.75,6201.5,22.75,22.00,0.003561,session_close
20240711,-1,6182.75,6164.360815273214,18.39,17.64,0.002853,trail
20240711,-1,6148,6160.610815273214,-12.61,-13.36,-0.002173,trail
20240711,-1,6160.25,6157,3.25,2.50,0.000406,session_close
20240712,1,6195.75,6210.815449362161,15.07,14.32,0.002311,trail
20240712,1,6210.75,6197.065449362161,-13.68,-14.43,-0.002324,trail
20240712,1,6192.5,6178.815449362161,-13.68,-14.43,-0.002331,trail
20240715,1,6228.25,6219.599927875042,-8.65,-9.40,-0.001509,trail
20240716,1,6232,6232.5,0.50,-0.25,-0.000040,session_close
20240717,-1,6157,6166.1385826809055,-9.14,-9.89,-0.001606,trail
20240717,-1,6158,6160,-2.00,-2.75,-0.000447,session_close
20240718,-1,6146.25,6160.261295687293,-14.01,-14.76,-0.002402,trail
20240718,-1,6142.5,6122.511295687293,19.99,19.24,0.003132,trail
20240718,-1,6123.5,6103.511295687293,19.99,19.24,0.003142,trail
20240719,-1,6076.75,6088.599424145482,-11.85,-12.60,-0.002073,trail
20240719,-1,6075.75,6076.849424145482,-1.10,-1.85,-0.000304,trail
20240719,-1,6060.75,6075.849424145482,-15.10,-15.85,-0.002615,trail
20240722,1,6131.25,6125.25,-6.00,-6.75,-0.001101,session_close
20240723,1,6145,6128.896866295982,-16.10,-16.85,-0.002743,trail
20240724,-1,6044.25,5996.844201056854,47.41,46.66,0.007719,trail
20240724,-1,5980.5,5996.844201056854,-16.34,-17.09,-0.002858,trail
20240725,-1,5955.25,5973.362812977465,-18.11,-18.86,-0.003167,trail
20240725,1,6037.5,6029.387187022535,-8.11,-8.86,-0.001468,trail
20240725,1,6030,6011.887187022535,-18.11,-18.86,-0.003128,trail
20240726,1,6024.75,6024.746440069781,-0.00,-0.75,-0.000125,trail
20240726,1,6016,6005.746440069781,-10.25,-11.00,-0.001829,trail
20240726,1,6020.25,6001.246440069781,-19.00,-19.75,-0.003281,trail
20240729,-1,6008.25,6020.157626362706,-11.91,-12.66,-0.002107,trail
20240730,-1,5990,5977.852008029197,12.15,11.40,0.001903,trail
20240730,-1,5982.5,5999.352008029197,-16.85,-17.60,-0.002942,trail
20240730,-1,6004,5971.602008029197,32.40,31.65,0.005271,trail
20240731,1,6083.75,6082.589484619272,-1.16,-1.91,-0.000314,trail
20240731,1,6084,6087.25,3.25,2.50,0.000411,session_close
20240801,-1,6068.75,5995.708097513167,73.04,72.29,0.011912,trail
20240801,-1,5984.5,5983.208097513167,1.29,0.54,0.000091,trail
20240801,-1,5982.25,6001.708097513167,-19.46,-20.21,-0.003378,trail
20240802,-1,5862.25,5876.440888042673,-14.19,-14.94,-0.002549,trail
20240802,-1,5882.75,5883.690888042673,-0.94,-1.69,-0.000287,trail
20240802,-1,5880.5,5875,5.50,4.75,0.000808,session_close
20240805,1,5730.75,5730.800363077891,0.05,-0.70,-0.000122,trail
20240805,1,5754.75,5730.800363077891,-23.95,-24.70,-0.004292,trail
20240805,1,5796,5772.050363077891,-23.95,-24.70,-0.004261,trail
20240806,1,5797.25,5828.723210126703,31.47,30.72,0.005300,trail
20240806,1,5819,5808.223210126703,-10.78,-11.53,-0.001981,trail
20240806,1,5806,5778.473210126703,-27.53,-28.28,-0.004870,trail
20240807,-1,5806.75,5719.25,87.50,86.75,0.014940,session_close
20240808,1,5847,5870,23.00,22.25,0.003805,session_close
20240809,1,5898.75,5882,-16.75,-17.50,-0.002967,session_close
20240813,1,5953.5,5972.5,19.00,18.25,0.003065,session_close
20240815,1,6085.75,6084,-1.75,-2.50,-0.000411,session_close
20240819,1,6136,6142.25,6.25,5.50,0.000896,session_close
20240822,-1,6140,6115.5,24.50,23.75,0.003868,session_close
20240826,-1,6140,6146.5,-6.50,-7.25,-0.001181,session_close
20240828,-1,6122.5,6130.292221060152,-7.79,-8.54,-0.001395,trail
20240828,-1,6107.25,6110.5,-3.25,-4.00,-0.000655,session_close
20240830,-1,6118,6148.139465006719,-30.14,-30.89,-0.005049,trail
20240903,-1,6091.5,6055.5,36.00,35.25,0.005787,session_close
20240905,-1,6014,6033.506889715925,-19.51,-20.26,-0.003368,trail
20240906,-1,5979.75,5971.945018232145,7.80,7.05,0.001180,trail
20240906,-1,5968.5,5952.445018232145,16.05,15.30,0.002564,trail
20240906,-1,5941.25,5949.945018232145,-8.70,-9.45,-0.001590,trail
20240909,1,6003,5985.8768767990105,-17.12,-17.87,-0.002977,trail
20240910,-1,5973.25,5991.616621966608,-18.37,-19.12,-0.003200,trail
20240911,-1,5983.25,5951.531076266124,31.72,30.97,0.005176,trail
20240911,-1,5945.25,5968.031076266124,-22.78,-23.53,-0.003958,trail
20240911,-1,5987.25,6008.281076266124,-21.03,-21.78,-0.003638,trail
20240912,1,6114.75,6098.402161384405,-16.35,-17.10,-0.002796,trail
20240912,1,6108.75,6113.25,4.50,3.75,0.000614,session_close
20240913,1,6158.75,6144.75,-14.00,-14.75,-0.002395,session_close
20240917,-1,6141.25,6158.5,-17.25,-18.00,-0.002931,session_close
20240924,-1,6213.25,6234.776083826829,-21.53,-22.28,-0.003585,trail
20240926,-1,6249.25,6257.938012462632,-8.69,-9.44,-0.001510,trail
20240926,-1,6259.75,6261,-1.25,-2.00,-0.000320,session_close
20240927,-1,6245.25,6243,2.25,1.50,0.000240,session_close
20240930,1,6268.5,6263.5,-5.00,-5.75,-0.000917,session_close
20241001,-1,6207.5,6212.615372515173,-5.12,-5.87,-0.000945,trail
20241001,-1,6220.75,6215.365372515173,5.38,4.63,0.000745,trail
20241001,-1,6224.5,6215.5,9.00,8.25,0.001325,session_close
20241004,-1,6213.5,6229.6724318399865,-16.17,-16.92,-0.002723,trail
20241004,-1,6229.25,6247.1724318399865,-17.92,-18.67,-0.002998,trail
20241007,-1,6222,6209.362943885662,12.64,11.89,0.001910,trail
20241007,-1,6208.25,6207.25,1.00,0.25,0.000040,session_close
20241008,1,6246.5,6234.105460014884,-12.39,-13.14,-0.002104,trail
20241008,1,6252.25,6255.5,3.25,2.50,0.000400,session_close
20241009,1,6278,6281.407657898569,3.41,2.66,0.000423,trail
20241009,1,6283.25,6293.75,10.50,9.75,0.001552,session_close
20241011,1,6296.75,6306.655337248387,9.91,9.16,0.001454,trail
20241011,1,6309.25,6310.5,1.25,0.50,0.000079,session_close
20241014,1,6357,6371,14.00,13.25,0.002084,session_close
20241015,-1,6340.5,6318,22.50,21.75,0.003430,session_close
20241016,1,6336.75,6341,4.25,3.50,0.000552,session_close
20241017,-1,6352.75,6361.388331639592,-8.64,-9.39,-0.001478,trail
20241017,-1,6349.25,6344.75,4.50,3.75,0.000591,session_close
20241021,-1,6326,6342.1363857488,-16.14,-16.89,-0.002669,trail
20241022,1,6348.25,6344.25,-4.00,-4.75,-0.000748,session_close
20241023,-1,6305.75,6278.416491012892,27.33,26.58,0.004216,trail
20241023,-1,6281,6299.416491012892,-18.42,-19.17,-0.003052,trail
20241023,-1,6298.5,6299.25,-0.75,-1.50,-0.000238,session_close
20241024,-1,6285.5,6301.6532686953515,-16.15,-16.90,-0.002689,trail
20241025,1,6347,6331.2404389528,-15.76,-16.51,-0.002601,trail
20241025,-1,6304.5,6315.0095610472,-10.51,-11.26,-0.001786,trail
20241025,-1,6302.5,6298.75,3.75,3.00,0.000476,session_close
20241029,1,6335.75,6335.25,-0.50,-1.25,-0.000197,session_close
20241031,-1,6219.25,6225.023041985653,-5.77,-6.52,-0.001049,trail
20241031,-1,6225.25,6223.523041985653,1.73,0.98,0.000157,trail
20241031,-1,6195.75,6195.75,0.00,-0.75,-0.000121,session_close
20241101,1,6248.5,6241.372391842901,-7.13,-7.88,-0.001261,trail
20241101,1,6242.25,6237.872391842901,-4.38,-5.13,-0.000821,trail
20241101,1,6246.75,6227.622391842901,-19.13,-19.88,-0.003182,trail
20241104,-1,6190.75,6201.598852408852,-10.85,-11.60,-0.001874,trail
20241105,1,6246.75,6279.5,32.75,32.00,0.005123,session_close
20241106,-1,6371.25,6392.19229976196,-20.94,-21.69,-0.003405,trail
20241106,1,6419,6423.5,4.50,3.75,0.000584,session_close
20241107,1,6461.75,6463.75,2.00,1.25,0.000193,session_close
20241108,1,6489.25,6480.75,-8.50,-9.25,-0.001425,session_close
20241111,-1,6478.25,6485.75,-7.50,-8.25,-0.001273,session_close
20241112,-1,6466.5,6467.069195562411,-0.57,-1.32,-0.000204,trail
20241112,-1,6464.5,6484.319195562411,-19.82,-20.57,-0.003182,trail
20241114,-1,6449.5,6455.971451012059,-6.47,-7.22,-0.001120,trail
20241114,-1,6438,6456.471451012059,-18.47,-19.22,-0.002986,trail
20241114,-1,6438,6431.5,6.50,5.75,0.000893,session_close
20241115,-1,6361.5,6354.684499299038,6.82,6.07,0.000953,trail
20241115,-1,6354.5,6357.25,-2.75,-3.50,-0.000551,session_close
20241118,1,6381,6376,-5.00,-5.75,-0.000901,session_close
20241119,1,6380.25,6394.75,14.50,13.75,0.002155,session_close
20241120,-1,6351.25,6366.713760783838,-15.46,-16.21,-0.002553,trail
20241120,-1,6356.25,6371.713760783838,-15.46,-16.21,-0.002551,trail
20241120,-1,6365.25,6375.713760783838,-10.46,-11.21,-0.001762,trail
20241125,-1,6454,6464.4559233265945,-10.46,-11.21,-0.001736,trail
20241127,-1,6460.5,6472.75,-12.25,-13.00,-0.002012,session_close
20241129,1,6505,6508.75,3.75,3.00,0.000461,session_close
20241204,1,6556.75,6552.75,-4.00,-4.75,-0.000724,session_close
20241209,-1,6536,6539.25365708177,-3.25,-4.00,-0.000613,trail
20241209,-1,6531,6520.5,10.50,9.75,0.001493,session_close
20241210,-1,6512.25,6510,2.25,1.50,0.000230,session_close
20241211,1,6556.5,6544.5,-12.00,-12.75,-0.001945,session_close
20241212,-1,6518.25,6516,2.25,1.50,0.000230,session_close
20241213,-1,6509.25,6518.328746925733,-9.08,-9.83,-0.001510,trail
20241213,-1,6518.75,6512,6.75,6.00,0.000920,session_close
20241216,1,6551.25,6538.328337462338,-12.92,-13.67,-0.002087,trail
20241218,1,6528.25,6522.626544490677,-5.62,-6.37,-0.000976,trail
20241218,-1,6479.5,6483.373455509323,-3.87,-4.62,-0.000714,trail
20241218,-1,6470.25,6458.623455509323,11.63,10.88,0.001681,trail
20241219,-1,6343.5,6352.760638950072,-9.26,-10.01,-0.001578,trail
20241219,-1,6338.5,6352.760638950072,-14.26,-15.01,-0.002368,trail
20241219,-1,6360.25,6373.010638950072,-12.76,-13.51,-0.002124,trail
20241220,1,6350.25,6368.557122763241,18.31,17.56,0.002765,trail
20241220,1,6408.5,6410.557122763241,2.06,1.31,0.000204,trail
20241220,1,6430.75,6416.057122763241,-14.69,-15.44,-0.002401,trail
20241223,-1,6367.5,6386.47015994009,-18.97,-19.72,-0.003097,trail
20241223,1,6421.5,6402.52984005991,-18.97,-19.72,-0.003071,trail
20241223,1,6413.25,6426.5,13.25,12.50,0.001949,session_close
20241224,1,6468.5,6489.5,21.00,20.25,0.003131,session_close
20241226,-1,6456.75,6476.275424190071,-19.53,-20.28,-0.003140,trail
20241226,-1,6471,6487.275424190071,-16.28,-17.03,-0.002631,trail
20241227,-1,6417.25,6412.000906896257,5.25,4.50,0.000701,trail
20241227,-1,6384.5,6395.750906896257,-11.25,-12.00,-0.001880,trail
20241227,-1,6405.5,6414.750906896257,-9.25,-10.00,-0.001561,trail
20241230,-1,6319.25,6329.097584560076,-9.85,-10.60,-0.001677,trail
20241230,1,6379.5,6360.902415439924,-18.60,-19.35,-0.003033,trail
20241230,1,6374.5,6357.152415439924,-17.35,-18.10,-0.002839,trail
20241231,-1,6334.25,6334.795708617199,-0.55,-1.30,-0.000205,trail
20241231,-1,6336,6331.795708617199,4.20,3.45,0.000545,trail
20241231,-1,6329.75,6338.295708617199,-8.55,-9.30,-0.001469,trail
20250101,-1,6315.5,6337.260488085903,-21.76,-22.51,-0.003564,trail
20250102,1,6368.75,6348.2507975149,-20.50,-21.25,-0.003336,trail
20250102,-1,6298.5,6288.9992024851,9.50,8.75,0.001389,trail
20250102,-1,6294.75,6304.7492024851,-10.00,-10.75,-0.001708,trail
20250103,1,6376.5,6375.75,-0.75,-1.50,-0.000235,session_close
20250107,-1,6388.25,6391.006004667765,-2.76,-3.51,-0.000549,trail
20250107,-1,6366,6345.25,20.75,20.00,0.003142,session_close
20250108,-1,6314.25,6338.462335229197,-24.21,-24.96,-0.003953,trail
20250110,-1,6252.75,6272.947053880942,-20.20,-20.95,-0.003350,trail
20250110,-1,6284.25,6252,32.25,31.50,0.005013,session_close
20250113,1,6251,6272.25,21.25,20.50,0.003279,session_close
20250114,-1,6245,6265.471475781785,-20.47,-21.22,-0.003398,trail
20250114,-1,6242.75,6271.471475781785,-28.72,-29.47,-0.004721,trail
20250115,1,6386.25,6378.25,-8.00,-8.75,-0.001370,session_close
20250123,1,6527.5,6539,11.50,10.75,0.001647,session_close
20250124,-1,6517.5,6522.5,-5.00,-5.75,-0.000882,session_close
20250127,1,6421,6409.029519084948,-11.97,-12.72,-0.001981,trail
20250127,1,6414.5,6440.75,26.25,25.50,0.003975,session_close
20250128,1,6472.25,6451.384970741932,-20.87,-21.62,-0.003340,trail
20250128,1,6480.75,6481.75,1.00,0.25,0.000039,session_close
20250129,-1,6445.75,6458.233956126661,-12.48,-13.23,-0.002053,trail
20250130,-1,6456.25,6470.65619592143,-14.41,-15.16,-0.002348,trail
20250130,1,6506.25,6483.34380407857,-22.91,-23.66,-0.003636,trail
20250131,-1,6476.25,6456,20.25,19.50,0.003011,session_close
20250203,1,6399.75,6395.321031924349,-4.43,-5.18,-0.000809,trail
20250203,1,6415,6415.571031924349,0.57,-0.18,-0.000028,trail
20250203,1,6412.75,6446,33.25,32.50,0.005068,session_close
20250204,1,6440.25,6432.337068064017,-7.91,-8.66,-0.001345,trail
20250204,1,6447.75,6433.337068064017,-14.41,-15.16,-0.002352,trail
20250205,1,6466.25,6480.5,14.25,13.50,0.002088,session_close
20250206,-1,6469.75,6490.23709317119,-20.49,-21.24,-0.003283,trail
20250207,-1,6466,6475.012535505189,-9.01,-9.76,-0.001510,trail
20250207,-1,6468,6467.262535505189,0.74,-0.01,-0.000002,trail
20250207,-1,6454.75,6440.5,14.25,13.50,0.002091,session_close
20250211,1,6481,6481,0.00,-0.75,-0.000116,session_close
20250212,1,6457,6436.594870365087,-20.41,-21.16,-0.003276,trail
20250212,1,6463.75,6470.25,6.50,5.75,0.000890,session_close
20250213,1,6501.75,6481.259595228406,-20.49,-21.24,-0.003267,trail
20250213,1,6506,6522.75,16.75,16.00,0.002459,session_close
20250219,1,6552,6545.5,-6.50,-7.25,-0.001107,session_close
20250220,-1,6506.25,6518.063061550897,-11.81,-12.56,-0.001931,trail
20250221,-1,6488.25,6420.25,68.00,67.25,0.010365,session_close
20250224,-1,6393.75,6416.975629728937,-23.23,-23.98,-0.003750,trail
20250224,-1,6411.25,6396,15.25,14.50,0.002262,session_close
20250225,-1,6357,6350.943367968704,6.06,5.31,0.000835,trail
20250225,-1,6325,6348.693367968704,-23.69,-24.44,-0.003865,trail
20250225,-1,6350.75,6369.693367968704,-18.94,-19.69,-0.003101,trail
20250226,1,6404,6387.4631010809,-16.54,-17.29,-0.002699,trail
20250226,-1,6343.5,6363.0368989191,-19.54,-20.29,-0.003198,trail
20250226,-1,6344.75,6368.5368989191,-23.79,-24.54,-0.003867,trail
20250227,-1,6341.5,6359.890416842939,-18.39,-19.14,-0.003018,trail
20250227,-1,6357.5,6381.640416842939,-24.14,-24.89,-0.003915,trail
20250227,-1,6356.25,6271.5,84.75,84.00,0.013215,session_close
20250228,-1,6240.25,6266.095133243974,-25.85,-26.60,-0.004262,trail
20250228,1,6304.75,6348.5,43.75,43.00,0.006820,session_close
20250303,-1,6341.75,6358.9727709251765,-17.22,-17.97,-0.002834,trail
20250303,-1,6333.75,6316.4727709251765,17.28,16.53,0.002609,trail
20250303,-1,6281.75,6244.9727709251765,36.78,36.03,0.005735,trail
20250304,-1,6167.25,6165.6948858015485,1.56,0.81,0.000131,trail
20250304,1,6237.5,6238.5551141984515,1.06,0.31,0.000049,trail
20250304,-1,6180,6206.1948858015485,-26.19,-26.94,-0.004360,trail
20250305,1,6218.75,6192.744016346394,-26.01,-26.76,-0.004302,trail
20250305,1,6234.75,6231.744016346394,-3.01,-3.76,-0.000602,trail
20250305,1,6247,6236,-11.00,-11.75,-0.001881,session_close
20250306,1,6194.5,6175.438378275923,-19.06,-19.81,-0.003198,trail
20250306,-1,6122,6148.811621724077,-26.81,-27.56,-0.004502,trail
20250306,-1,6120.75,6142.561621724077,-21.81,-22.56,-0.003686,trail
20250307,1,6161.5,6136.529882642488,-24.97,-25.72,-0.004174,trail
20250307,-1,6077.75,6095.970117357512,-18.22,-18.97,-0.003121,trail
20250307,1,6179.5,6152.029882642488,-27.47,-28.22,-0.004567,trail
20250310,-1,6053,5993.337587150564,59.66,58.91,0.009733,trail
20250310,-1,5994.75,6021.587587150564,-26.84,-27.59,-0.004602,trail
20250310,-1,6026.5,6019.25,7.25,6.50,0.001079,session_close
20250311,-1,5957.5,5981.9202647200955,-24.42,-25.17,-0.004225,trail
20250311,-1,5957.75,5955.4202647200955,2.33,1.58,0.000265,trail
20250311,-1,5952,5976.4202647200955,-24.42,-25.17,-0.004229,trail
20250312,-1,5969.75,5979.23903377135,-9.49,-10.24,-0.001715,trail
20250312,-1,5984.25,6013.48903377135,-29.24,-29.99,-0.005011,trail
20250312,-1,5998,5987.75,10.25,9.50,0.001584,session_close
20250313,-1,5953.25,5982.158766064187,-28.91,-29.66,-0.004982,trail
20250313,-1,5932.5,5931.158766064187,1.34,0.59,0.000100,trail
20250313,-1,5930.75,5927.25,3.50,2.75,0.000464,session_close
20250314,1,6015.25,6020,4.75,4.00,0.000665,session_close
20250317,1,6068.5,6070.75,2.25,1.50,0.000247,session_close
20250318,-1,5998.75,6008.75,-10.00,-10.75,-0.001792,session_close
20250319,1,6064.75,6067.427665483984,2.68,1.93,0.000318,trail
20250319,1,6071.25,6068.75,-2.50,-3.25,-0.000535,session_close
20250320,1,6093,6064.737213797761,-28.26,-29.01,-0.004762,trail
20250321,1,6057.25,6059,1.75,1.00,0.000165,session_close
20250324,1,6162.75,6152,-10.75,-11.50,-0.001866,session_close
20250326,-1,6117,6093.75,23.25,22.50,0.003678,session_close
20250328,-1,6013.75,5941.5,72.25,71.50,0.011889,session_close
20250331,1,5966.75,5983.5,16.75,16.00,0.002682,session_close
20250401,1,6015.75,5994.832982840003,-20.92,-21.67,-0.003602,trail
20250401,1,6013.5,6011.25,-2.25,-3.00,-0.000499,session_close
20250402,1,6023.25,6037.9460671558445,14.70,13.95,0.002315,trail
20250402,1,6042,6056.6960671558445,14.70,13.95,0.002308,trail
20250402,1,6092,6058.6960671558445,-33.30,-34.05,-0.005590,trail
20250403,-1,5813,5849.761543113906,-36.76,-37.51,-0.006453,trail
20250403,-1,5805.5,5760,45.50,44.75,0.007708,session_close
20250404,-1,5553.25,5542.5151105736695,10.73,9.98,0.001798,trail
20250404,-1,5535.5,5571.5151105736695,-36.02,-36.77,-0.006642,trail
20250404,-1,5489.5,5524.0151105736695,-34.52,-35.27,-0.006424,trail
20250407,1,5337,5492.877384869741,155.88,155.13,0.029066,trail
20250407,1,5530.5,5499.377384869741,-31.12,-31.87,-0.005763,trail
20250407,1,5386.75,5349.127384869741,-37.62,-38.37,-0.007124,trail
20250408,-1,5539.75,5457.085773112548,82.66,81.91,0.014787,trail
20250408,-1,5468.25,5458.585773112548,9.66,8.91,0.001630,trail
20250408,-1,5425.25,5326.585773112548,98.66,97.91,0.018048,trail
20250409,1,5397.5,5471.648518373304,74.15,73.40,0.013599,trail
20250409,1,5519.5,5579.648518373304,60.15,59.40,0.010762,trail
20250409,1,5631.5,5663.648518373304,32.15,31.40,0.005576,trail
20250410,-1,5627.25,5572.27973869139,54.97,54.22,0.009635,trail
20250410,-1,5571.75,5632.27973869139,-60.53,-61.28,-0.010998,trail
20250410,-1,5601.75,5600.02973869139,1.72,0.97,0.000173,trail
20250411,1,5704,5734.75,30.75,30.00,0.005259,session_close
20250414,-1,5753.5,5813.565316924069,-60.07,-60.82,-0.010570,trail
20250416,-1,5607.25,5638.5,-31.25,-32.00,-0.005707,session_close
20250421,-1,5521,5523,-2.00,-2.75,-0.000498,session_close
20250422,1,5660.25,5607.359823450115,-52.89,-53.64,-0.009477,trail
20250422,1,5652.5,5653.5,1.00,0.25,0.000044,session_close
20250424,1,5829.5,5858.75,29.25,28.50,0.004889,session_close
20250513,1,6246.75,6239.75,-7.00,-7.75,-0.001241,session_close
20250515,1,6266,6273,7.00,6.25,0.000997,session_close
20250519,1,6298.25,6319.5,21.25,20.50,0.003255,session_close
20250521,1,6294.5,6266.65422568177,-27.85,-28.60,-0.004543,trail
20250521,-1,6196,6197.75,-1.75,-2.50,-0.000403,session_close
20250522,1,6222.75,6205.511611634297,-17.24,-17.99,-0.002891,trail
20250523,1,6153.75,6155.912766200462,2.16,1.41,0.000230,trail
20250523,1,6154.25,6153.75,-0.50,-1.25,-0.000203,session_close
20250527,1,6252.5,6279.25,26.75,26.00,0.004158,session_close
20250528,-1,6251.25,6261.58426694651,-10.33,-11.08,-0.001773,trail
20250529,-1,6253.75,6256.488156449727,-2.74,-3.49,-0.000558,trail
20250529,-1,6260.5,6264.488156449727,-3.99,-4.74,-0.000757,trail
20250529,-1,6262,6256.25,5.75,5.00,0.000798,session_close
20250530,-1,6201,6221.627660701107,-20.63,-21.38,-0.003447,trail
20250602,1,6261.5,6288.25,26.75,26.00,0.004152,session_close
20250603,1,6309.75,6319.25,9.50,8.75,0.001387,session_close
20250605,-1,6310,6294.715118599034,15.28,14.53,0.002303,trail
20250605,-1,6301.5,6278.75,22.75,22.00,0.003491,session_close
20250610,1,6384.5,6379.5,-5.00,-5.75,-0.000901,session_close
20250611,-1,6369.25,6372.029267217634,-2.78,-3.53,-0.000554,trail
20250612,1,6377.25,6381.25,4.00,3.25,0.000510,session_close
20250613,1,6362,6344.810191463385,-17.19,-17.94,-0.002820,trail
20250613,-1,6310.25,6315.5,-5.25,-6.00,-0.000951,session_close
20250616,1,6380,6370.943713899867,-9.06,-9.81,-0.001537,trail
20250616,1,6374.5,6376.5,2.00,1.25,0.000196,session_close
20250617,-1,6330,6323.25,6.75,6.00,0.000948,session_close
20250619,-1,6259.75,6263.75,-4.00,-4.75,-0.000759,session_close
20250620,-1,6322.75,6316.626257087032,6.12,5.37,0.000850,trail
20250620,-1,6314.5,6310.126257087032,4.37,3.62,0.000574,trail
20250620,-1,6314,6314.876257087032,-0.88,-1.63,-0.000258,trail
20250623,1,6338.25,6321.177768219109,-17.07,-17.82,-0.002812,trail
20250623,1,6338.25,6363,24.75,24.00,0.003787,session_close
20250624,1,6433.75,6429,-4.75,-5.50,-0.000855,session_close
20250626,1,6472,6481.25,9.25,8.50,0.001313,session_close
20250627,1,6511,6504.77704316079,-6.22,-6.97,-0.001071,trail
20250701,1,6544.5,6526.228474051944,-18.27,-19.02,-0.002906,trail
20250701,1,6543.5,6533.75,-9.75,-10.50,-0.001605,session_close
20250702,1,6549,6562.5,13.50,12.75,0.001947,session_close
20250703,1,6614.75,6609,-5.75,-6.50,-0.000983,session_close
20250707,-1,6555.5,6551.018639310087,4.48,3.73,0.000569,trail
20250707,-1,6552,6548.75,3.25,2.50,0.000382,session_close
20250710,1,6613.5,6607,-6.50,-7.25,-0.001096,session_close
20250711,1,6594,6580.261533105501,-13.74,-14.49,-0.002197,trail
20250714,1,6600,6595,-5.00,-5.75,-0.000871,session_close
20250715,-1,6602,6559.25,42.75,42.00,0.006362,session_close
20250716,-1,6544.75,6557.7489633862315,-13.00,-13.75,-0.002101,trail
20250716,-1,6540,6551.2489633862315,-11.25,-12.00,-0.001835,trail
20250716,-1,6550.5,6568.2489633862315,-17.75,-18.50,-0.002824,trail
20250717,1,6616.75,6627.75,11.00,10.25,0.001549,session_close
20250718,-1,6616.5,6620.75,-4.25,-5.00,-0.000756,session_close
20250721,1,6655.75,6641.380734406225,-14.37,-15.12,-0.002272,trail
20250722,-1,6611.5,6625.536010332572,-14.04,-14.79,-0.002236,trail
20250723,1,6675,6691.25,16.25,15.50,0.002322,session_close
20250725,1,6707.25,6713.75,6.50,5.75,0.000857,session_close
20250728,-1,6697,6710,-13.00,-13.75,-0.002053,session_close
20250729,-1,6705.75,6689,16.75,16.00,0.002386,session_close
20250730,-1,6658.5,6674.538696379691,-16.04,-16.79,-0.002521,trail
20250730,-1,6671,6671.538696379691,-0.54,-1.29,-0.000193,trail
20250730,-1,6672,6688.038696379691,-16.04,-16.79,-0.002516,trail
20250731,-1,6708.5,6707.10441387314,1.40,0.65,0.000096,trail
20250731,-1,6708.5,6677.85441387314,30.65,29.90,0.004456,trail
20250731,-1,6668,6662.85441387314,5.15,4.40,0.000659,trail
20250801,-1,6543,6558.73949158726,-15.74,-16.49,-0.002520,trail
20250801,-1,6563.75,6544.98949158726,18.76,18.01,0.002744,trail
20250801,-1,6548.5,6558.73949158726,-10.24,-10.99,-0.001678,trail
20250804,1,6621.5,6655,33.50,32.75,0.004946,session_close
20250805,-1,6629.75,6620.214333878037,9.54,8.79,0.001325,trail
20250805,-1,6624,6632.214333878037,-8.21,-8.96,-0.001353,trail
20250805,-1,6619.5,6610,9.50,8.75,0.001322,session_close
20250806,1,6653.25,6656.25,3.00,2.25,0.000338,session_close
20250807,-1,6667.75,6642.767377128605,24.98,24.23,0.003634,trail
20250807,-1,6642.25,6659.25,-17.00,-17.75,-0.002672,session_close
20250808,1,6695.5,6710.75,15.25,14.50,0.002166,session_close
20250812,1,6746,6754,8.00,7.25,0.001075,session_close
20250814,1,6776.75,6775.25,-1.50,-2.25,-0.000332,session_close
20250815,-1,6748.25,6770.655419890962,-22.41,-23.16,-0.003431,trail
20250815,-1,6757,6752.75,4.25,3.50,0.000518,session_close
20250819,-1,6718,6720.5,-2.50,-3.25,-0.000484,session_close
20250820,-1,6672.75,6672.755454563256,-0.01,-0.76,-0.000113,trail
20250820,-1,6670.25,6692.755454563256,-22.51,-23.26,-0.003486,trail
20250820,-1,6683,6697.005454563256,-14.01,-14.76,-0.002208,trail
20250822,1,6757.25,6770.25,13.00,12.25,0.001813,session_close
20250826,1,6768,6772.5,4.50,3.75,0.000554,session_close
20250827,1,6785.5,6761.556456081596,-23.94,-24.69,-0.003639,trail
20250829,-1,6750.25,6759.5,-9.25,-10.00,-0.001481,session_close
20250902,1,6710,6732.75,22.75,22.00,0.003279,session_close
20250904,1,6773,6798,25.00,24.25,0.003580,session_close
20250905,-1,6780,6764.1708808430285,15.83,15.08,0.002224,trail
20250905,-1,6756.5,6773.9208808430285,-17.42,-18.17,-0.002689,trail
20250905,-1,6773.5,6774.25,-0.75,-1.50,-0.000221,session_close
20250910,-1,6814.25,6822.25,-8.00,-8.75,-0.001284,session_close
20250911,1,6869.5,6877,7.50,6.75,0.000983,session_close
20250916,-1,6895,6900.25,-5.25,-6.00,-0.000870,session_close
20250917,-1,6866.5,6865.592400090556,0.91,0.16,0.000023,trail
20250917,-1,6846.75,6865.592400090556,-18.84,-19.59,-0.002862,trail
20250918,1,6938,6920.068842855786,-17.93,-18.68,-0.002693,trail
20250922,1,6963.75,6980.25,16.50,15.75,0.002262,session_close
20250923,-1,6958.25,6947,11.25,10.50,0.001509,session_close
20250924,-1,6934.25,6928.821663244882,5.43,4.68,0.000675,trail
20250924,-1,6925,6927.5,-2.50,-3.25,-0.000469,session_close
20250925,-1,6872.75,6884.733273074422,-11.98,-12.73,-0.001853,trail
20250925,-1,6855.5,6872.733273074422,-17.23,-17.98,-0.002623,trail
20250926,1,6927,6928.25,1.25,0.50,0.000072,session_close
20250929,-1,6932.5,6939,-6.50,-7.25,-0.001046,session_close
20250930,1,6959.5,6954.521794781729,-4.98,-5.73,-0.000823,trail
20251001,1,6974.5,6987.5,13.00,12.25,0.001756,session_close
20251002,-1,6985.5,6993.3861563507735,-7.89,-8.64,-0.001236,trail
20251003,1,7024,7012.010099753035,-11.99,-12.74,-0.001814,trail
20251006,-1,7002.75,7014.090292712979,-11.34,-12.09,-0.001727,trail
20251007,-1,7005.25,6994.106110211132,11.14,10.39,0.001484,trail
20251007,-1,6981.25,6997.106110211132,-15.86,-16.61,-0.002379,trail
20251007,-1,6995.5,6995.5,0.00,-0.75,-0.000107,session_close
20251008,1,7027.25,7033.75,6.50,5.75,0.000818,session_close
20251009,-1,7006.75,7011.566220677646,-4.82,-5.57,-0.000794,trail
20251009,-1,7011.25,7010.25,1.00,0.25,0.000036,session_close
20251010,-1,6956,6970.185740402378,-14.19,-14.94,-0.002147,trail
20251010,-1,6973.25,6969.185740402378,4.06,3.31,0.000475,trail
20251010,-1,6924,6936.935740402378,-12.94,-13.69,-0.001977,trail
20251013,1,6925.5,6903.0490328935775,-22.45,-23.20,-0.003350,trail
20251013,1,6930.75,6918.0490328935775,-12.70,-13.45,-0.001941,trail
20251013,1,6926.5,6920.25,-6.25,-7.00,-0.001011,session_close
20251014,1,6895.25,6926.459219458507,31.21,30.46,0.004417,trail
20251014,1,6924.5,6901.459219458507,-23.04,-23.79,-0.003436,trail
20251014,1,6908.75,6915.5,6.75,6.00,0.000868,session_close
20251015,-1,6923,6917.370535612763,5.63,4.88,0.000705,trail
20251016,-1,6928.5,6917.477930462487,11.02,10.27,0.001483,trail
20251016,-1,6891.5,6917.477930462487,-25.98,-26.73,-0.003878,trail
20251016,-1,6912,6891.227930462487,20.77,20.02,0.002897,trail
20251017,1,6919.25,6941.5,22.25,21.50,0.003107,session_close
20251020,1,6999.25,7010.75,11.50,10.75,0.001536,session_close
20251022,-1,6974.75,6950.808290462229,23.94,23.19,0.003325,trail
20251022,-1,6951,6968,-17.00,-17.75,-0.002554,session_close
20251023,1,7003,7008.25,5.25,4.50,0.000643,session_close
20251029,-1,7117.5,7148.06510759219,-30.57,-31.32,-0.004400,trail
20251030,-1,7090.5,7114.8429521403295,-24.34,-25.09,-0.003539,trail
20251031,-1,7101.5,7105.749987307206,-4.25,-5.00,-0.000704,trail
20251103,-1,7102,7113.476937058521,-11.48,-12.23,-0.001722,trail
20251105,1,7074.25,7059.144746296807,-15.11,-15.86,-0.002241,trail
20251106,-1,6988.5,6998.50159627784,-10.00,-10.75,-0.001538,trail
20251106,-1,7000.25,6995.25,5.00,4.25,0.000607,session_close
20251107,-1,6893.75,6920.551010410584,-26.80,-27.55,-0.003997,trail
20251107,-1,6923,6953.301010410584,-30.30,-31.05,-0.004485,trail
20251110,1,7082,7088.25,6.25,5.50,0.000777,session_close
20251111,1,7102.25,7104.5,2.25,1.50,0.000211,session_close
20251112,-1,7088,7111.595728852827,-23.60,-24.35,-0.003435,trail
20251113,-1,7049.25,7004.717591139013,44.53,43.78,0.006211,trail
20251114,1,7011,6986.748573657412,-24.25,-25.00,-0.003566,trail
20251114,1,6985.75,6991.748573657412,6.00,5.25,0.000751,trail
20251114,1,6995.75,6995.75,0.00,-0.75,-0.000107,session_close
20251117,-1,6929.25,6921.355374881888,7.89,7.14,0.001031,trail
20251117,-1,6914.75,6927.75,-13.00,-13.75,-0.001989,session_close
20251118,-1,6836.25,6862.882428806552,-26.63,-27.38,-0.004005,trail
20251118,-1,6859,6858.632428806552,0.37,-0.38,-0.000056,trail
20251119,1,6927.25,6904.702548972298,-22.55,-23.30,-0.003363,trail
20251119,1,6906,6878.702548972298,-27.30,-28.05,-0.004061,trail
20251119,1,6900.5,6926.5,26.00,25.25,0.003659,session_close
20251120,-1,6950,6920.496151759871,29.50,28.75,0.004137,trail
20251120,-1,6893.75,6893.246151759871,0.50,-0.25,-0.000036,trail
20251120,-1,6880.75,6849.996151759871,30.75,30.00,0.004361,trail
20251121,1,6864.75,6843.050882603796,-21.70,-22.45,-0.003270,trail
20251121,1,6846.25,6873.800882603796,27.55,26.80,0.003915,trail
20251121,1,6862,6862,0.00,-0.75,-0.000109,session_close
20251124,1,6949,6955.5,6.50,5.75,0.000827,session_close
20251125,1,6998.5,7011.25,12.75,12.00,0.001715,session_close
20251203,1,7100.25,7095.25,-5.00,-5.75,-0.000810,session_close
20251208,-1,7076.75,7095,-18.25,-19.00,-0.002685,session_close
20251210,1,7111.25,7123.75,12.50,11.75,0.001652,session_close
20251211,1,7138,7156.75,18.75,18.00,0.002522,session_close
20251212,-1,7083.25,7073.017705067202,10.23,9.48,0.001339,trail
20251212,-1,7081.75,7065.5,16.25,15.50,0.002189,session_close
20251215,-1,7059.75,7072.773220104953,-13.02,-13.77,-0.001951,trail
20251215,-1,7043,7053.75,-10.75,-11.50,-0.001633,session_close
20251216,-1,6998.75,7026.621331235082,-27.87,-28.62,-0.004089,trail
20251217,-1,6997.25,6958.75,38.50,37.75,0.005395,session_close
20251219,1,7051.5,7065.75,14.25,13.50,0.001914,session_close
20251223,1,7122.75,7130.25,7.50,6.75,0.000948,session_close
20251224,1,7157.5,7152.25,-5.25,-6.00,-0.000838,session_close
20251231,-1,7089.5,7066,23.50,22.75,0.003209,session_close
20260102,-1,7066,7087.956470067754,-21.96,-22.71,-0.003213,trail
20260102,-1,7056.25,7068.456470067754,-12.21,-12.96,-0.001836,trail
20260102,-1,7053,7064.706470067754,-11.71,-12.46,-0.001766,trail
20260105,1,7132,7115.75,-16.25,-17.00,-0.002384,session_close
20260106,1,7148.5,7160.75,12.25,11.50,0.001609,session_close
20260107,-1,7133,7139.25,-6.25,-7.00,-0.000981,session_close
20260109,1,7169.25,7176.25,7.00,6.25,0.000872,session_close
20260112,1,7169,7183.75,14.75,14.00,0.001953,session_close
20260113,-1,7162.25,7181.981851608051,-19.73,-20.48,-0.002860,trail
20260113,-1,7164.5,7171.481851608051,-6.98,-7.73,-0.001079,trail
20260114,-1,7116.75,7137.108313099493,-20.36,-21.11,-0.002966,trail
20260114,-1,7100.75,7121.108313099493,-20.36,-21.11,-0.002973,trail
20260114,-1,7098.75,7117.608313099493,-18.86,-19.61,-0.002762,trail
20260115,-1,7151,7155.75,-4.75,-5.50,-0.000769,session_close
20260116,-1,7142.75,7157.324717715416,-14.57,-15.32,-0.002145,trail
20260116,-1,7149.5,7150,-0.50,-1.25,-0.000175,session_close
20260120,-1,7019.75,7009.75,10.00,9.25,0.001318,session_close
20260121,1,7065.25,7048.604874132032,-16.65,-17.40,-0.002462,trail
20260121,1,7084,7097.854874132032,13.85,13.10,0.001850,trail
20260121,1,7092.75,7076.104874132032,-16.65,-17.40,-0.002453,trail
20260122,-1,7107.25,7112.5,-5.25,-6.00,-0.000844,session_close
20260126,1,7156,7149.25,-6.75,-7.50,-0.001048,session_close
20260127,1,7187.5,7181.75,-5.75,-6.50,-0.000904,session_close
20260128,-1,7172.75,7186.384606054955,-13.63,-14.38,-0.002005,trail
20260129,-1,7160,7094.196259202191,65.80,65.05,0.009086,trail
20260129,-1,7098.5,7118.196259202191,-19.70,-20.45,-0.002880,trail
20260129,-1,7111.25,7130.946259202191,-19.70,-20.45,-0.002875,trail
20260130,-1,7101.25,7121.00194424522,-19.75,-20.50,-0.002887,trail
20260202,1,7183.25,7175.5,-7.75,-8.50,-0.001183,session_close
20260203,-1,7147.75,7151.684765193278,-3.93,-4.68,-0.000655,trail
20260203,-1,7109.5,7083.934765193278,25.57,24.82,0.003490,trail
20260203,-1,7086,7096.934765193278,-10.93,-11.68,-0.001649,trail
20260204,-1,7072,7066.250608110682,5.75,5.00,0.000707,trail
20260204,-1,7060.5,7085.500608110682,-25.00,-25.75,-0.003647,trail
20260204,-1,7090.5,7095.500608110682,-5.00,-5.75,-0.000811,trail
20260205,-1,6997.25,7000.732695192548,-3.48,-4.23,-0.000605,trail
20260205,-1,6994,6961,33.00,32.25,0.004611,session_close
20260206,1,7105,7118,13.00,12.25,0.001724,session_close
20260209,1,7160.75,7156.25,-4.50,-5.25,-0.000733,session_close
20260211,-1,7129,7137.038110019373,-8.04,-8.79,-0.001233,trail
20260211,-1,7128.25,7135.25,-7.00,-7.75,-0.001087,session_close
20260212,-1,7114.75,7066.448472648772,48.30,47.55,0.006684,trail
20260212,-1,7064,7034,30.00,29.25,0.004141,session_close
20260213,1,7061.25,7032.333517604161,-28.92,-29.67,-0.004201,trail
20260217,1,7047.5,7034.5,-13.00,-13.75,-0.001951,session_close
20260218,1,7087.75,7060.195471028895,-27.55,-28.30,-0.003993,trail
20260220,1,7074,7059.925832528294,-14.07,-14.82,-0.002096,trail
20260220,1,7077.5,7097,19.50,18.75,0.002649,session_close
20260223,-1,7014.75,7030.5,-15.75,-16.50,-0.002352,session_close
20260224,1,7074.25,7072.25,-2.00,-2.75,-0.000389,session_close
20260226,-1,7064.5,7084.530791868032,-20.03,-20.78,-0.002942,trail
20260226,-1,7050.25,7089.280791868032,-39.03,-39.78,-0.005642,trail
20260226,-1,7090,7076,14.00,13.25,0.001869,session_close
20260302,1,7028.75,7056.75,28.00,27.25,0.003877,session_close
20260303,1,6993.75,6986.25,-7.50,-8.25,-0.001180,session_close
20260304,1,7056.75,7051.25,-5.50,-6.25,-0.000886,session_close
20260305,-1,6973.75,6991.085909807133,-17.34,-18.09,-0.002593,trail
20260309,1,6895.5,6875.790673581609,-19.71,-20.46,-0.002967,trail
20260309,1,6891.25,6966,74.75,74.00,0.010738,session_close
20260310,1,7009,6988.134706466973,-20.87,-21.62,-0.003084,trail
20260312,-1,6861.25,6857.25,4.00,3.25,0.000474,session_close
20260313,-1,6836.25,6797,39.25,38.50,0.005632,session_close
20260318,-1,6831.75,6786,45.75,45.00,0.006587,session_close
20260319,1,6801.25,6792.5,-8.75,-9.50,-0.001397,session_close
20260320,-1,6728,6686.863730317107,41.14,40.39,0.006003,trail
20260320,-1,6688.75,6710.5,-21.75,-22.50,-0.003364,session_close
20260323,1,6820,6787.228138499051,-32.77,-33.52,-0.004915,trail
20260324,1,6747.75,6726.635492255146,-21.11,-21.86,-0.003240,trail
20260324,1,6747,6731.885492255146,-15.11,-15.86,-0.002351,trail
20260324,1,6771.25,6765.135492255146,-6.11,-6.86,-0.001014,trail
20260326,-1,6680,6672.136219525914,7.86,7.11,0.001065,trail
20260326,-1,6676.25,6657.5,18.75,18.00,0.002696,session_close
20260327,-1,6585.25,6607.321050252181,-22.07,-22.82,-0.003465,trail
20260327,-1,6585.25,6520,65.25,64.50,0.009795,session_close
20260330,-1,6547,6577.362943423228,-30.36,-31.11,-0.004752,trail
20260330,-1,6537.75,6513.612943423228,24.14,23.39,0.003577,trail
20260330,-1,6510.25,6505.25,5.00,4.25,0.000653,session_close
20260331,1,6639,6689.5,50.50,49.75,0.007494,session_close
20260401,1,6769,6742.7203771947225,-26.28,-27.03,-0.003993,trail
20260402,1,6708.75,6720.5802533992755,11.83,11.08,0.001652,trail
20260402,1,6747.5,6716.5802533992755,-30.92,-31.67,-0.004694,trail
20260402,1,6729,6746,17.00,16.25,0.002415,session_close
20260407,-1,6703,6732.397197064357,-29.40,-30.15,-0.004498,trail
20260409,1,6986.25,6982.75,-3.50,-4.25,-0.000608,session_close
20260413,1,6997.5,7049.5,52.00,51.25,0.007324,session_close
20260414,1,7103.25,7126.25,23.00,22.25,0.003132,session_close
20260415,1,7174.25,7180.25,6.00,5.25,0.000732,session_close
20260417,1,7290.25,7286.25,-4.00,-4.75,-0.000652,session_close
20260421,-1,7235.5,7256.237436455957,-20.74,-21.49,-0.002970,trail
20260421,-1,7212.75,7247.987436455957,-35.24,-35.99,-0.004989,trail
20260421,-1,7246.75,7244.25,2.50,1.75,0.000241,session_close
20260423,-1,7216.25,7248.66981880009,-32.42,-33.17,-0.004597,trail
20260424,1,7319.75,7317.5,-2.25,-3.00,-0.000410,session_close
20260430,1,7351.25,7368.75,17.50,16.75,0.002279,session_close
20260504,-1,7332,7353.203365013985,-21.20,-21.95,-0.002994,trail
20260504,-1,7349,7347.25,1.75,1.00,0.000136,session_close
20260505,1,7413.5,7417.5,4.00,3.25,0.000438,session_close
20260506,1,7490.25,7508.75,18.50,17.75,0.002370,session_close
20260507,-1,7489,7496.157729996344,-7.16,-7.91,-0.001056,trail
20260507,-1,7495.5,7474.25,21.25,20.50,0.002735,session_close
20260508,1,7542,7542.5,0.50,-0.25,-0.000033,session_close
20260511,1,7566.25,7550.701935176449,-15.55,-16.30,-0.002154,trail
20260511,1,7558.75,7557,-1.75,-2.50,-0.000331,session_close
20260512,-1,7496.75,7510.015092030654,-13.27,-14.02,-0.001869,trail
20260512,-1,7512.75,7533.515092030654,-20.77,-21.52,-0.002864,trail
20260513,1,7574,7598,24.00,23.25,0.003070,session_close
20260514,1,7640,7639.60738264588,-0.39,-1.14,-0.000150,trail
20260514,1,7637,7645,8.00,7.25,0.000949,session_close
20260515,-1,7554.25,7540,14.25,13.50,0.001787,session_close
20260518,-1,7529.75,7531.6891099745235,-1.94,-2.69,-0.000357,trail
20260518,-1,7526.75,7519.9391099745235,6.81,6.06,0.000805,trail
20260518,-1,7526.25,7535.4391099745235,-9.19,-9.94,-0.001321,trail
20260519,1,7536.25,7513.924762573103,-22.33,-23.08,-0.003062,trail
20260520,1,7542.5,7547.256780885371,4.76,4.01,0.000531,trail
20260520,1,7557.25,7553.506780885371,-3.74,-4.49,-0.000595,trail
20260521,1,7579.5,7582.661683515036,3.16,2.41,0.000318,trail
20260521,1,7583.25,7560.411683515036,-22.84,-23.59,-0.003111,trail
20260521,1,7583.75,7589,5.25,4.50,0.000593,session_close
20260528,1,7686.5,7709.75,23.25,22.50,0.002927,session_close
20260601,1,7729.75,7730.5,0.75,0.00,0.000000,session_close
20260602,1,7743.75,7750.25,6.50,5.75,0.000743,session_close
20260603,-1,7707,7669.5,37.50,36.75,0.004768,session_close
20260604,1,7713.5,7710.9936582267255,-2.51,-3.26,-0.000422,trail
20260605,-1,7646,7532.5122584636965,113.49,112.74,0.014745,trail
20260605,-1,7533.75,7523.0122584636965,10.74,9.99,0.001326,trail
20260605,-1,7500.25,7490,10.25,9.50,0.001267,session_close
20260608,-1,7552.75,7534.25,18.50,17.75,0.002350,session_close
20260609,-1,7435.5,7460.789167822816,-25.29,-26.04,-0.003502,trail
20260609,-1,7392.75,7367.289167822816,25.46,24.71,0.003343,trail
20260609,-1,7342,7367.289167822816,-25.29,-26.04,-0.003547,trail
20260610,-1,7361.5,7389.978795726274,-28.48,-29.23,-0.003970,trail
20260610,-1,7367.25,7328.25,39.00,38.25,0.005192,session_close
20260611,-1,7339.25,7368.164635261911,-28.91,-29.66,-0.004042,trail
20260611,1,7423.5,7415.085364738089,-8.41,-9.16,-0.001235,trail
20260611,1,7414.25,7459.5,45.25,44.50,0.006002,session_close
20260615,1,7630,7616.708825704723,-13.29,-14.04,-0.001840,trail
20260616,-1,7594,7583,11.00,10.25,0.001350,session_close
20260617,-1,7546.5,7567.769064110148,-21.27,-22.02,-0.002918,trail
20260617,-1,7560.75,7506.019064110148,54.73,53.98,0.007140,trail
20260622,-1,7543,7540.75,2.25,1.50,0.000199,session_close
20260623,1,7473.25,7442.934474500286,-30.32,-31.07,-0.004157,trail
20260624,-1,7411,7442.298814608764,-31.30,-32.05,-0.004324,trail
20260625,-1,7424.5,7425.497296363864,-1.00,-1.75,-0.000235,trail
20260625,-1,7427.75,7459.997296363864,-32.25,-33.00,-0.004442,trail
20260625,-1,7429.25,7445.497296363864,-16.25,-17.00,-0.002288,trail
20260626,1,7424.25,7424.049021049153,-0.20,-0.95,-0.000128,trail
20260626,1,7425.75,7417.549021049153,-8.20,-8.95,-0.001205,trail
20260626,1,7420.75,7393.549021049153,-27.20,-27.95,-0.003767,trail
20260629,1,7496.25,7493.5,-2.75,-3.50,-0.000467,session_close
20260630,1,7557.25,7542,-15.25,-16.00,-0.002117,session_close
20260701,1,7570.75,7540.901063663803,-29.85,-30.60,-0.004042,trail
20260702,-1,7506.75,7518.176839515021,-11.43,-12.18,-0.001622,trail
20260706,1,7598.25,7596.75,-1.50,-2.25,-0.000296,session_close
20260707,-1,7544.5,7565.576302431719,-21.08,-21.83,-0.002893,trail
20260707,-1,7545,7551.75,-6.75,-7.50,-0.000994,session_close
20260708,-1,7474.25,7502.410366620574,-28.16,-28.91,-0.003868,trail
20260709,1,7586.75,7586.25,-0.50,-1.25,-0.000165,session_close
20260710,1,7622.75,7626,3.25,2.50,0.000328,session_close
