sym,tf,thr,rule,n,net_pt,usd,avg_pt,win,pf,maxdd_pt,t
ES,1h,0.0,"Continuation, next close",2068,-1435.1,-71753,-0.6939,36.8,0.645,1464.7,-5.31
ES,1h,0.0,"Continuation, 1xATR",2068,-1331.8,-66591,-0.644,46.3,0.796,1372.3,-3.8
ES,1h,0.0,"Fade, next close",2068,-1046.6,-52328,-0.5061,39.3,0.726,1094.0,-3.87
ES,1h,0.0,"Fade, 1xATR",2068,-1518.4,-75921,-0.7342,45.9,0.771,1524.2,-4.33
ES,1h,0.01,"Continuation, next close",2167,-1612.2,-80610,-0.744,37.2,0.668,1627.3,-4.59
ES,1h,0.01,"Continuation, 1xATR",2167,-1847.8,-92392,-0.8527,46.2,0.762,1893.1,-4.43
ES,1h,0.01,"Fade, next close",2167,-988.2,-49410,-0.456,39.7,0.781,1160.2,-2.81
ES,1h,0.01,"Fade, 1xATR",2167,-1307.2,-65360,-0.6032,46.0,0.825,1492.9,-3.13
ES,1h,0.02,"Continuation, next close",2643,-1809.6,-90478,-0.6847,39.3,0.76,1835.7,-3.63
ES,1h,0.02,"Continuation, 1xATR",2643,-2480.6,-124028,-0.9385,46.8,0.783,2519.5,-4.44
ES,1h,0.02,"Fade, next close",2643,-1362.1,-68103,-0.5153,40.9,0.813,1620.3,-2.74
ES,1h,0.02,"Fade, 1xATR",2643,-1510.6,-75531,-0.5716,46.2,0.862,1652.6,-2.7
ES,1h,0.05,"Continuation, next close",5418,-3987.3,-199365,-0.7359,41.3,0.777,4021.1,-5.27
ES,1h,0.05,"Continuation, 1xATR",5418,-4644.9,-232246,-0.8573,47.3,0.827,4671.1,-5.2
ES,1h,0.05,"Fade, next close",5418,-2514.3,-125715,-0.4641,44.0,0.853,3021.1,-3.32
ES,1h,0.05,"Fade, 1xATR",5418,-4197.5,-209877,-0.7747,46.4,0.843,4389.2,-4.7
ES,1h,0.1,"Continuation, next close",11426,-7072.6,-353630,-0.619,41.9,0.806,7139.5,-6.75
ES,1h,0.1,"Continuation, 1xATR",11426,-9410.4,-470519,-0.8236,47.2,0.833,9454.6,-7.46
ES,1h,0.1,"Fade, next close",11426,-6638.6,-331930,-0.581,44.2,0.816,6858.7,-6.33
ES,1h,0.1,"Fade, 1xATR",11426,-9318.8,-465942,-0.8156,47.1,0.835,9419.7,-7.38
ES,4h,0.0,"Continuation, next close",223,198.2,9910,0.8888,51.6,1.272,80.4,1.01
ES,4h,0.0,"Continuation, 1xATR",223,310.3,15514,1.3914,51.1,1.196,214.7,0.99
ES,4h,0.0,"Fade, next close",223,-465.8,-23290,-2.0888,36.3,0.569,500.6,-2.36
ES,4h,0.0,"Fade, 1xATR",223,-671.2,-33561,-3.0099,47.5,0.678,797.9,-2.14
ES,4h,0.01,"Continuation, next close",315,149.3,7463,0.4738,52.7,1.086,329.9,0.43
ES,4h,0.01,"Continuation, 1xATR",315,639.1,31957,2.029,52.4,1.225,387.6,1.39
ES,4h,0.01,"Fade, next close",315,-527.2,-26362,-1.6738,38.4,0.75,832.4,-1.52
ES,4h,0.01,"Fade, 1xATR",315,-1285.5,-64275,-4.081,45.4,0.663,1558.1,-2.8
ES,4h,0.02,"Continuation, next close",543,-257.1,-12853,-0.4734,50.6,0.926,520.7,-0.58
ES,4h,0.02,"Continuation, 1xATR",543,386.6,19329,0.7119,52.5,1.068,577.0,0.63
ES,4h,0.02,"Fade, next close",543,-394.6,-19728,-0.7266,42.2,0.89,786.7,-0.88
ES,4h,0.02,"Fade, 1xATR",543,-1353.2,-67659,-2.492,46.0,0.794,1677.1,-2.19
ES,4h,0.05,"Continuation, next close",1470,-1154.8,-57738,-0.7855,48.4,0.875,1163.0,-1.57
ES,4h,0.05,"Continuation, 1xATR",1470,-2340.2,-117011,-1.592,48.4,0.862,2708.5,-2.33
ES,4h,0.05,"Fade, next close",1470,-609.3,-30463,-0.4145,45.5,0.932,1068.9,-0.83
ES,4h,0.05,"Fade, 1xATR",1470,-106.9,-5343,-0.0727,49.8,0.993,1282.1,-0.11
ES,4h,0.1,"Continuation, next close",3094,-1426.4,-71320,-0.461,48.5,0.921,1477.1,-1.41
ES,4h,0.1,"Continuation, 1xATR",3094,-2996.1,-149804,-0.9684,49.3,0.911,3160.4,-2.1
ES,4h,0.1,"Fade, next close",3094,-2286.4,-114320,-0.739,45.2,0.877,2831.2,-2.25
ES,4h,0.1,"Fade, 1xATR",3094,-2349.5,-117475,-0.7594,48.5,0.93,3372.3,-1.65
ES,1d,0.01,"Continuation, next close",41,-157.8,-7892,-3.85,43.9,0.732,347.0,-0.69
ES,1d,0.01,"Continuation, 1xATR",41,-472.1,-23603,-11.5138,43.9,0.67,717.0,-1.1
ES,1d,0.01,"Fade, next close",41,108.6,5432,2.65,53.7,1.24,186.6,0.47
ES,1d,0.01,"Fade, 1xATR",41,422.9,21143,10.3138,56.1,1.431,229.1,0.99
ES,1d,0.02,"Continuation, next close",113,-828.8,-41440,-7.3345,50.4,0.633,916.3,-1.57
ES,1d,0.02,"Continuation, 1xATR",113,-881.4,-44072,-7.8004,46.9,0.754,1322.2,-1.28
ES,1d,0.02,"Fade, next close",113,693.2,34660,6.1345,47.8,1.462,299.0,1.31
ES,1d,0.02,"Fade, 1xATR",113,745.8,37292,6.6004,53.1,1.27,742.6,1.09
ES,1d,0.05,"Continuation, next close",316,-1059.4,-52967,-3.3524,50.6,0.802,1214.2,-1.21
ES,1d,0.05,"Continuation, 1xATR",316,-1041.9,-52093,-3.2971,50.0,0.881,1317.7,-0.95
ES,1d,0.05,"Fade, next close",316,680.2,34008,2.1524,46.8,1.152,746.2,0.78
ES,1d,0.05,"Fade, 1xATR",316,548.3,27414,1.735,48.7,1.069,1404.2,0.5
ES,1d,0.1,"Continuation, next close",622,-1113.9,-55697,-1.7909,51.4,0.892,1414.2,-0.93
ES,1d,0.1,"Continuation, 1xATR",622,-300.2,-15008,-0.4826,52.3,0.982,1245.6,-0.2
ES,1d,0.1,"Fade, next close",622,367.6,18378,0.5909,46.3,1.038,868.7,0.31
ES,1d,0.1,"Fade, 1xATR",622,-1096.9,-54844,-1.7635,46.1,0.935,1747.7,-0.72
NQ,1h,0.0,"Continuation, next close",1595,-1986.5,-39730,-1.2455,45.9,0.794,2103.6,-2.08
NQ,1h,0.0,"Continuation, 1xATR",1595,-1699.1,-33982,-1.0653,49.4,0.894,2103.4,-1.49
NQ,1h,0.0,"Fade, next close",1595,72.5,1450,0.0455,45.4,1.008,1165.1,0.08
NQ,1h,0.0,"Fade, 1xATR",1595,-1128.4,-22568,-0.7075,47.6,0.928,1948.4,-0.99
NQ,1h,0.01,"Continuation, next close",1982,-3462.2,-69244,-1.7468,46.3,0.803,4026.0,-2.32
NQ,1h,0.01,"Continuation, 1xATR",1982,-3237.3,-64747,-1.6334,49.0,0.881,3760.4,-1.88
NQ,1h,0.01,"Fade, next close",1982,1083.8,21676,0.5468,46.5,1.071,2346.1,0.73
NQ,1h,0.01,"Fade, 1xATR",1982,-1321.4,-26428,-0.6667,47.9,0.95,2164.6,-0.77
NQ,1h,0.02,"Continuation, next close",2786,-2369.8,-47397,-0.8506,47.3,0.918,3125.0,-1.18
NQ,1h,0.02,"Continuation, 1xATR",2786,-3984.1,-79682,-1.43,48.9,0.911,5353.1,-1.69
NQ,1h,0.02,"Fade, next close",2786,-973.3,-19467,-0.3494,46.8,0.965,2974.4,-0.49
NQ,1h,0.02,"Fade, 1xATR",2786,-2668.2,-53363,-0.9577,48.0,0.94,3951.1,-1.13
NQ,1h,0.05,"Continuation, next close",5795,-7533.2,-150665,-1.3,46.7,0.893,8148.5,-2.39
NQ,1h,0.05,"Continuation, 1xATR",5795,-11044.9,-220898,-1.9059,48.7,0.898,12220.0,-3.02
NQ,1h,0.05,"Fade, next close",5795,579.3,11585,0.1,48.9,1.009,3306.8,0.18
NQ,1h,0.05,"Fade, 1xATR",5795,-7483.2,-149663,-1.2913,47.5,0.93,8720.3,-2.05
NQ,1h,0.1,"Continuation, next close",11491,-9211.6,-184232,-0.8016,47.4,0.935,10348.3,-2.04
NQ,1h,0.1,"Continuation, 1xATR",11491,-16742.7,-334854,-1.457,49.0,0.924,17661.4,-3.18
NQ,1h,0.1,"Fade, next close",11491,-4577.6,-91552,-0.3984,48.6,0.967,7272.4,-1.01
NQ,1h,0.1,"Fade, 1xATR",11491,-21457.4,-429147,-1.8673,46.9,0.904,23119.4,-4.08
NQ,4h,0.0,"Continuation, next close",296,4.4,88,0.0149,49.0,1.001,540.8,0.01
NQ,4h,0.0,"Continuation, 1xATR",296,1557.5,31150,5.2619,53.4,1.292,659.9,1.42
NQ,4h,0.0,"Fade, next close",296,-359.6,-7192,-1.2149,44.3,0.893,523.6,-0.49
NQ,4h,0.0,"Fade, 1xATR",296,-2240.2,-44803,-7.5681,44.6,0.691,2744.7,-2.04
NQ,4h,0.01,"Continuation, next close",476,288.6,5773,0.6064,50.4,1.034,1808.6,0.2
NQ,4h,0.01,"Continuation, 1xATR",476,-191.9,-3838,-0.4032,51.5,0.988,2713.7,-0.1
NQ,4h,0.01,"Fade, next close",476,-859.9,-17197,-1.8064,44.7,0.907,2420.5,-0.6
NQ,4h,0.01,"Fade, 1xATR",476,-1768.3,-35367,-3.715,46.8,0.894,3554.5,-0.88
NQ,4h,0.02,"Continuation, next close",743,-586.8,-11736,-0.7898,51.4,0.965,1743.9,-0.28
NQ,4h,0.02,"Continuation, 1xATR",743,-1726.0,-34521,-2.3231,49.8,0.942,3607.2,-0.62
NQ,4h,0.02,"Fade, next close",743,-304.8,-6096,-0.4102,45.2,0.982,2250.1,-0.15
NQ,4h,0.02,"Fade, 1xATR",743,-862.5,-17251,-1.1609,49.0,0.971,2785.0,-0.31
NQ,4h,0.05,"Continuation, next close",1677,1221.5,24431,0.7284,51.6,1.03,2294.5,0.36
NQ,4h,0.05,"Continuation, 1xATR",1677,-2004.4,-40087,-1.1952,51.1,0.973,5553.4,-0.45
NQ,4h,0.05,"Fade, next close",1677,-3234.0,-64679,-1.9284,46.2,0.924,5170.6,-0.96
NQ,4h,0.05,"Fade, 1xATR",1677,-3828.0,-76560,-2.2826,47.6,0.948,5604.5,-0.85
NQ,4h,0.1,"Continuation, next close",3205,4975.7,99515,1.5525,51.6,1.066,2783.2,1.09
NQ,4h,0.1,"Continuation, 1xATR",3205,-653.8,-13076,-0.204,51.8,0.995,6012.7,-0.11
NQ,4h,0.1,"Fade, next close",3205,-8821.8,-176435,-2.7525,46.7,0.893,11087.0,-1.93
NQ,4h,0.1,"Fade, 1xATR",3205,-12356.4,-247129,-3.8554,46.5,0.916,14419.9,-2.0
NQ,1d,0.01,"Continuation, next close",79,-316.4,-6328,-4.0051,48.1,0.929,1367.0,-0.23
NQ,1d,0.01,"Continuation, 1xATR",79,547.8,10957,6.9348,51.9,1.069,1713.4,0.25
NQ,1d,0.01,"Fade, next close",79,221.6,4432,2.8051,50.6,1.053,1339.7,0.16
NQ,1d,0.01,"Fade, 1xATR",79,-642.7,-12853,-8.1348,46.8,0.924,2975.6,-0.29
NQ,1d,0.02,"Continuation, next close",149,-2213.6,-44273,-14.8567,49.7,0.783,2755.6,-0.99
NQ,1d,0.02,"Continuation, 1xATR",149,-1932.6,-38652,-12.9706,49.0,0.891,4542.4,-0.6
NQ,1d,0.02,"Fade, next close",149,2034.8,40697,13.6567,48.3,1.251,1501.6,0.91
NQ,1d,0.02,"Fade, 1xATR",149,1753.8,35076,11.7706,49.7,1.111,4133.5,0.54
NQ,1d,0.05,"Continuation, next close",372,-5390.9,-107819,-14.4918,50.3,0.796,5469.2,-1.51
NQ,1d,0.05,"Continuation, 1xATR",372,-3467.8,-69356,-9.322,50.8,0.92,6031.9,-0.68
NQ,1d,0.05,"Fade, next close",372,4944.6,98891,13.2918,47.8,1.233,3285.7,1.38
NQ,1d,0.05,"Fade, 1xATR",372,1738.0,34761,4.6721,48.1,1.043,6256.7,0.34
NQ,1d,0.1,"Continuation, next close",711,-7457.4,-149147,-10.4885,49.6,0.856,9167.4,-1.38
NQ,1d,0.1,"Continuation, 1xATR",711,1064.2,21285,1.4968,52.3,1.013,5355.5,0.14
NQ,1d,0.1,"Fade, next close",711,6604.1,132083,9.2885,48.8,1.147,2865.7,1.23
NQ,1d,0.1,"Fade, 1xATR",711,-4482.8,-89656,-6.3049,46.8,0.947,10032.3,-0.61
